Workbook

Sheet 211
H1: RDSZ Building Room Information
A2: BUILDIN NO. | B2: BUILDING FLOOR | C2: Room-number | D2: ROOM NAME | E2: NET AREA | F2: FLOOR | G2: WALL | H2: CEILING | I2: CEILING HEIGHT | J2: SKIRTING FINISH | K2: Door | L2: Window | M2: HVAC | N2: FIRE FIGHTING | O2: NOTE NO.
A3: 楼号 | B3: 楼层 | C3: 房间号 | D3: 房间名称 | E3: 净面积(M2) | F3: 地面做法 | G3: 墙面做法 | H3: 吊顶做法 | I3: 吊顶高度 | J3: 踢脚作法 | K3: 门 | L3: 窗 | M3: 暖通 | N3: 消防 | O3: 备注索引
A4: 211 | B4: B1F 地下室 | C4: 001 | D4: 1#STAIRCASE 1#楼梯间 | E4: 18.8 | F4: F10环氧涂层地面 | G4: W1a丙烯酸乳胶漆涂料墙面(实体墙) | H4: C3丙烯酸乳胶漆涂料 | I4: N/A | J4: S3水泥砂浆踢脚 | L4: N/A
A5: 211 | B5: B1F 地下室 | C5: 002B | D5: HOT WATER RM 热水间 | E5: 82.6 | F5: F11a耐化学品、耐压、耐磨环氧自流平地面 | G5: W1a丙烯酸乳胶漆涂料墙面(实体墙) | H5: C2b防水石膏板吊顶 | I5: 贴梁底 | J5: S1环氧踢脚 | L5: N/A
A6: 211 | B6: B1F 地下室 | C6: 002A | D6: MECHANIC RM设备间 | E6: 84.3 | F6: F11a耐化学品、耐压、耐磨环氧自流平地面 | G6: W1a丙烯酸乳胶漆涂料墙面(实体墙) | H6: C3丙烯酸乳胶漆涂料 | I6: N/A | J6: S1环氧踢脚 | L6: N/A
A7: 211 | B7: B1F 地下室 | C7: 003 | D7: CORRIDOR走道 | E7: 173.6 | F7: F2b硬化剂地坪 | G7: W1a丙烯酸乳胶漆涂料墙面(实体墙) | H7: C3丙烯酸乳胶漆涂料 | I7: N/A | J7: S3水泥砂浆踢脚 | L7: N/A
A8: 211 | B8: B1F 地下室 | C8: 005 | D8: CORRIDOR走道 | E8: 151.3 | F8: F2b硬化剂地坪 | G8: W1a丙烯酸乳胶漆涂料墙面(实体墙) | H8: C3丙烯酸乳胶漆涂料 | I8: N/A | J8: S3水泥砂浆踢脚 | L8: N/A
A9: 211 | B9: B1F 地下室 | C9: 006 | D9: BREAK RM员工休息室 | E9: 17.8 | F9: F3乙烯基地面 | G9: W1a丙烯酸乳胶漆涂料墙面(实体墙) | H9: C1轻钢龙骨吸音板吊顶 | I9: 2200 | J9: S5乙烯基踢脚,2.5毫米厚 | L9: N/A
A10: 211 | B10: B1F 地下室 | C10: 007 | D10: WOMEN CHANGING RM女更衣室 | E10: 9.7 | F10: F3乙烯基地面 | G10: W1a丙烯酸乳胶漆涂料墙面(实体墙) | H10: C1轻钢龙骨吸音板吊顶 | I10: 2200 | J10: S5乙烯基踢脚,2.5毫米厚 | L10: N/A
A11: 211 | B11: B1F 地下室 | C11: 008 | D11: MEN CHANGING RM 男更衣室 | E11: 10.1 | F11: F3乙烯基地面 | G11: W1a丙烯酸乳胶漆涂料墙面(实体墙) | H11: C1轻钢龙骨吸音板吊顶 | I11: 2200 | J11: S5乙烯基踢脚,2.5毫米厚 | L11: N/A
A12: 211 | B12: B1F 地下室 | C12: 009 | D12: STORAGE RM一次性用品仓库 | E12: 10.5 | F12: F2b硬化剂地坪 | G12: W1a丙烯酸乳胶漆涂料墙面(实体墙) | H12: C2c 防火石膏板吊顶 | I12: 2200 | J12: S3水泥砂浆踢脚 | L12: N/A
A13: 211 | B13: B1F 地下室 | C13: 010 | D13: DESMOKE RM 2排烟机房2 | E13: 22.7 | F13: F2b硬化剂地坪 | G13: W1a丙烯酸乳胶漆涂料墙面(实体墙) | H13: C3丙烯酸乳胶漆涂料 | I13: N/A | J13: S3水泥砂浆踢脚 | L13: N/A
A14: 211 | B14: B1F 地下室 | C14: 011 | D14: 2#STAIRCASE 2#楼梯间 | E14: 18.8 | F14: F10环氧涂层地面 | G14: W1a丙烯酸乳胶漆涂料墙面(实体墙) | H14: C3丙烯酸乳胶漆涂料 | I14: N/A | J14: S3水泥砂浆踢脚 | L14: N/A
A15: 211 | B15: B1F 地下室 | C15: 012 | D15: WOMEN TOILET女卫 | E15: 14.3 | F15: F1a防滑陶瓷地砖 (有防水层） | G15: W2瓷砖墙面 | H15: C2b防水石膏板吊顶 | I15: 2800 | J15: N/A | L15: N/A
A16: 211 | B16: B1F 地下室 | C16: 012A | D16: WOMEN SHOWER女淋浴 | E16: 3.6 | F16: F1a | G16: W2瓷砖墙面 | H16: C2b防水石膏板吊顶 | I16: 2800 | J16: N/A | L16: N/A
A17: 211 | B17: B1F 地下室 | C17: 013 | D17: MEN TOILET男卫生间 | E17: 9.1 | F17: F1a | G17: W2瓷砖墙面 | H17: C5穿孔金属吸音吊顶 | I17: 3000 | J17: S2拉丝不锈钢踢脚 | L17: N/A
A18: 211 | B18: B1F 地下室 | C18: 013A | D18: MEN SHOWER男淋浴 | E18: 3.6 | F18: F1a | G18: W2瓷砖墙面 | H18: C5穿孔金属吸音吊顶 | I18: 2800 | J18: S2拉丝不锈钢踢脚 | L18: N/A
A19: 211 | B19: B1F 地下室 | C19: 015 | D19: FIRE FIGHTING POND 2消防水池2 | E19: 122.1 | F19: F9 | G19: W5 | H19: C7 | I19: N/A | J19: N/A | K19: N/A | L19: N/A
A20: 211 | B20: B1F 地下室 | C20: 016 | D20: FIRE FIGHTING POND 1消防水池1 | E20: 182.1 | F20: F9 | G20: W5 | H20: C7 | I20: N/A | J20: N/A | K20: N/A
A21: 211 | B21: B1F 地下室 | C21: 017 | D21: FUTURE EQUIPMENT RM预留设备间 | E21: 162.2 | F21: F11a | G21: W1a | H21: C3 | I21: N/A | J21: S3
A22: 211 | B22: B1F 地下室 | C22: 018 | D22: DESMOKE RM 1排烟机房 1 | E22: 28.6 | F22: F2b | G22: W1a | H22: C3 | I22: N/A | J22: S3
A23: 211 | B23: B1F 地下室 | C23: 019 | D23: LV SWITCH RM低压配电室 | E23: 65 | F23: F6 | G23: W1a | H23: C3 | I23: N/A | J23: S6
A24: 211 | B24: B1F 地下室 | C24: 019A | D24: UPS RMUPS间 | E24: 16.5 | F24: F6 | G24: W1a | H24: C3 | I24: N/A | J24: S3
A25: 211 | B25: B1F 地下室 | C25: 020 | D25: HVAC 1空调机房1 | E25: 44.9 | F25: F11a | G25: W1a | H25: C3 | I25: N/A | J25: N/A
A26: 211 | B26: B1F 地下室 | C26: 021 | D26: 7#ELEVATOR7#电梯 | E26: 6.4 | F26: N/A | G26: N/A | H26: N/A | I26: N/A | J26: S3
A27: 211 | B27: B1F 地下室 | C27: 022 | D27: FUTURE EQUIPMENT RM预留设备间 | E27: 36 | F27: F2b | G27: W1a | H27: C3 | I27: N/A | J27: S3
A28: 211 | B28: B1F 地下室 | C28: 023 | D28: ALARM VALVE报警阀间 | E28: 13.7 | F28: F2b | G28: W1a | H28: C3 | I28: N/A | J28: S3
A29: 211 | B29: B1F 地下室 | C29: 025 | D29: FIRE FIGHTING PUMP RM消防泵房 | E29: 388.8 | F29: F11a | G29: W1a | H29: C3 | I29: N/A | J29: S3
A30: 211 | B30: B1F 地下室 | C30: 027 | D30: HVAC RM 2空调机房2 | E30: 105.3 | F30: F11a | G30: W1a | H30: C3 | I30: N/A | J30: S3
A31: 211 | B31: B1F 地下室 | D31: 单层建筑面积 | E31: 2042.9
A32: 211 | B32: 1F 一层 | C32: 101 | D32: 1#STAIRCASE1#楼梯间 | E32: 17.2 | F32: F10/F4 | G32: W1a | H32: C3 | I32: N/A | J32: S3/S4
A33: 211 | B33: 1F 一层 | C33: 102 | D33: CORRIDOR走道 | E33: 10.8 | F33: F4 | G33: W2瓷砖墙面 | H33: C5穿孔金属吸音吊顶 | I33: 2800 | J33: S2
A34: 211 | B34: 1F 一层 | C34: 102A | D34: HANDICAPPED'S RM无障碍卫生间 | E34: 6.4 | F34: F1b | G34: W2瓷砖墙面 | H34: C2b防水石膏板吊顶 | I34: 2800 | J34: N/A
A35: 211 | B35: 1F 一层 | C35: 103 | D35: WOMEN TOILET女卫生间 | E35: 13.4 | F35: F1b | G35: W2瓷砖墙面 | H35: C2b防水石膏板吊顶 | I35: 2800 | J35: N/A
A36: 211 | B36: 1F 一层 | C36: 105 | D36: TOILET LOBBY厕所前室 | E36: 18.6 | F36: F1b | G36: W2瓷砖墙面 | H36: C2b防水石膏板吊顶 | I36: 2800 | J36: N/A
A37: 211 | B37: 1F 一层 | C37: 106 | D37: MEN TOILET男卫生间 | E37: 17.2 | F37: F1b | G37: W2瓷砖墙面 | H37: C2b防水石膏板吊顶 | I37: 2800 | J37: N/A
A38: 211 | B38: 1F 一层 | C38: 107 | D38: LOBBY 1门厅1 | E38: 335 | F38: F4 | G38: W1 | H38: C5穿孔金属吸音吊顶 | I38: 3700 | J38: S2拉丝不锈钢踢脚
A39: 211 | B39: 1F 一层 | C39: 107A | D39: LOBBY 2门厅2 | E39: 5.3 | F39: F4 | G39: W1 | H39: C5穿孔金属吸音吊顶 | I39: 3700 | J39: S2拉丝不锈钢踢脚
A40: 211 | B40: 1F 一层 | C40: 108 | D40: CANTEEN餐厅 | E40: 722 | F40: F4 | G40: W1 | H40: C5穿孔金属吸音吊顶 | I40: 3700 | J40: S2拉丝不锈钢踢脚
A41: 211 | B41: 1F 一层 | C41: 108A | D41: PANTRY AREA备餐区 | E41: NA | F41: F4 | G41: W1 | H41: C5穿孔金属吸音吊顶 | I41: 3700 | J41: S2拉丝不锈钢踢脚
A42: 211 | B42: 1F 一层 | C42: 120 | D42: 11#ELEVATOR11#电梯 | E42: 7.9 | F42: NA | G42: NA | H42: NA | I42: N/A | J42: N/A
A43: 211 | B43: 1F 一层 | C43: 121 | D43: SHAFT管道井 | E43: 12.9 | F43: N/A | G43: N/A | H43: N/A | I43: N/A | J43: N/A
A44: 211 | B44: 1F 一层 | C44: 122 | D44: CORRIDOR走道 | E44: 29.5 | F44: F1b | G44: W1a | H44: C5 | I44: 3700 | J44: S7
A45: 211 | B45: 1F 一层 | C45: 123 | D45: 2#STAIRCASE2#楼梯间 | E45: 17.2 | F45: F10/F4 | G45: W1a | H45: C3 | I45: N/A | J45: S3/S4
A46: 211 | B46: 1F 一层 | C46: 125 | D46: MAIL RM/ TEA POINT收发室\茶水间 | E46: 14.4 | F46: F4 | G46: W1 | H46: C5 | I46: 3700 | J46: S2
A47: 211 | B47: 1F 一层 | C47: 126 | D47: CONFERENCE会议室 | E47: 21.2 | F47: F4 | G47: W1 | H47: C5 | I47: 3700 | J47: S2
A48: 211 | B48: 1F 一层 | C48: 127 | D48: CONFERENCE会议室 | E48: 21.2 | F48: F4 | G48: W1 | H48: C5 | I48: 3700 | J48: S2
A49: 211 | B49: 1F 一层 | C49: 135 | D49: 3#STAIRCASE3#楼梯间 | E49: 9.5 | F49: F10 | G49: W1a | H49: C3 | I49: N/A | J49: S3
A50: 211 | B50: 1F 一层 | C50: 136 | D50: VIP1贵宾厅1 | E50: 25.7 | F50: F4 | G50: W1 | H50: C5 | I50: 3700 | J50: S2
A51: 211 | B51: 1F 一层 | C51: 137 | D51: VIP2贵宾厅2 | E51: 25.7 | F51: F4 | G51: W1 | H51: C5 | I51: 3700 | J51: S2
A52: 211 | B52: 1F 一层 | C52: 139 | D52: 6#ELEVATOR6#电梯 | E52: 6.4 | F52: N/A | G52: N/A | H52: N/A | I52: N/A | J52: N/A
A53: 211 | B53: 1F 一层 | C53: 150 | D53: 7#ELEVATOR7#电梯 | E53: 6.4 | F53: N/A | G53: N/A | H53: N/A | I53: N/A | J53: N/A
A54: 211 | B54: 1F 一层 | C54: 151 | D54: HVAC空调机房 | E54: 21.8 | F54: F11d | G54: W1a | H54: C3 | I54: N/A | J54: S3
A55: 211 | B55: 1F 一层 | C55: 152 | D55: SHAFT管道井 | E55: 20.5 | F55: N/A | G55: N/A | H55: N/A | I55: N/A | J55: N/A
A56: 211 | B56: 1F 一层 | C56: 153 | D56: MDF&IDF弱电间 | E56: 10.5 | F56: F6 | G56: W1a | H56: C1 | I56: 3100 | J56: S6
A57: 211 | B57: 1F 一层 | C57: 155 | D57: ELEC RM强电间 | E57: 11.2 | F57: F2b | G57: W1a | H57: C3 | I57: N/A | J57: S3
A58: 211 | B58: 1F 一层 | C58: 156 | D58: CORRIDOR走道 | E58: 10.3 | F58: F4 | G58: W1 | H58: C1 | I58: 2800 | J58: S2
A59: 211 | B59: 1F 一层 | C59: 157 | D59: CORRIDOR走道 | E59: 17.7 | F59: F1b | G59: W1a | H59: C4 | I59: 2600 | J59: S2
A60: 211 | B60: 1F 一层 | C60: 158 | D60: CORRIDOR走道 | E60: 14.6 | F60: F1b | G60: W2 | H60: C4 | I60: 2600 | J60: N/A
A61: 211 | B61: 1F 一层 | C61: 160 | D61: HOT KITCHEN热厨房 | E61: 101.8 | F61: F1b | G61: W2 | H61: C4 | I61: 2600 | J61: N/A
A62: 211 | B62: 1F 一层 | C62: 161 | D62: DISH WASHING洗碗间 | E62: 40 | F62: F1b | G62: W2 | H62: C4 | I62: 2800 | J62: N/A
A63: 211 | B63: 1F 一层 | C63: 162 | D63: DISH STORAGE碗碟仓库 | E63: 13 | F63: F1b | G63: W2 | H63: C4 | I63: 2800 | J63: N/A
A64: 211 | B64: 1F 一层 | C64: 163 | D64: STORAGE仓库 | E64: 18.8 | F64: F1b | G64: W2 | H64: C4 | I64: 2800 | J64: N/A
A65: 211 | B65: 1F 一层 | C65: 165 | D65: CLEAN STORAGE清洁品仓库 | E65: 8.1 | F65: F1b | G65: W2 | H65: C4 | I65: 2800 | J65: N/A
A66: 211 | B66: 1F 一层 | C66: 166 | D66: CLEAN ROOM清洁间 | E66: 7.5 | F66: F1b | G66: W2 | H66: C4 | I66: 2400 | J66: N/A
A67: 211 | B67: 1F 一层 | C67: 167 | D67: GARBAGE COOLER垃圾冷库 | E67: 8 | F67: F1c | G67: W4 | H67: C4 | I67: 2200 | J67: N/A
A68: 211 | B68: 1F 一层 | C68: 168 | D68: OFFICE操作间 | E68: 11.1 | F68: F1b | G68: W1a | H68: C4 | I68: 2400 | J68: N/A
A69: 211 | B69: 1F 一层 | C69: 169 | D69: STORAGE仓库 | E69: 12.9 | F69: F1b | G69: W2 | H69: C4 | I69: 2400 | J69: N/A
... A76: 211 | B76: 1F 一层 | C76: 177 | D76: WALK IN COOLER高温冷库 | E76: 8.2 | F76: F1b | G76: W2 | H76: C4 | I76: 2200 | J76: N/A
A77: 211 | B77: 1F 一层 | C77: 178 | D77: SHAFT管道井 | E77: 14.3 | F77: N/A | G77: N/A | H77: N/A | I77: N/A | J77: N/A
A78: 211 | B78: 1F 一层 | D78: 单层建筑面积 | E78: 2135.4
A79: 211 | B79: 2F 二层 | C79: 201 | D79: 1#STAIRCASE1#楼梯间 | E79: 18.5 | F79: F4 | G79: W1 | H79: C3 | I79: N/A | J79: S4
A80: 211 | B80: 2F 二层 | C80: 202 | D80: CORRIDOR走道 | E80: 14.5 | F80: F4 | G80: W1 | H80: C1 | I80: 2800 | J80: S4
A81: 211 | B81: 2F 二层 | C81: 203 | D81: MDF&IDF弱电间 | E81: 10.5 | F81: F6 | G81: W1a | H81: C1 | I81: 3100 | J81: S6
A82: 211 | B82: 2F 二层 | C82: 205 | D82: ELEC RM强电间 | E82: 11.2 | F82: F2b | G82: W1a | H82: C3 | I82: N/A | J82: S3
A83: 211 | B83: 2F 二层 | C83: 206 | D83: SHAFT管道井 | E83: 20.5 | F83: N/A | G83: N/A | H83: N/A | I83: N/A | J83: N/A
A84: 211 | B84: 2F 二层 | C84: 207 | D84: MEN TOILET男卫生间 | E84: 11.6 | F84: F1a | G84: W2 | H84: C2b | I84: 2800 | J84: N/A
A85: 211 | B85: 2F 二层 | C85: 208 | D85: WOMEN TOILET女卫生间 | E85: 12.6 | F85: F1b | G85: W2 | H85: C2b | I85: 2800 | J85: N/A
A86: 211 | B86: 2F 二层 | C86: 209 | D86: 6#ELEVATOR6#电梯 | E86: 6.4 | F86: N/A | G86: N/A | H86: N/A | I86: N/A | J86: N/A
A87: 211 | B87: 2F 二层 | C87: 210 | D87: 7#ELEVATOR7#电梯 | E87: 6.4 | F87: N/A | G87: N/A | H87: N/A | I87: N/A | J87: N/A
A88: 211 | B88: 2F 二层 | C88: 211 | D88: LOBBY门厅 | E88: 239 | F88: F5 | G88: W1/W3a | H88: C5 | I88: 2800 | J88: S2
A89: 211 | B89: 2F 二层 | C89: 211A | D89: 咖啡吧 | E89: 59.8 | F89: F5 | G89: W1a | H89: C5 | I89: 2800 | J89: S2
A90: 211 | B90: 2F 二层 | C90: 212 | D90: OFFICE办公室 | E90: 13.2 | F90: F5 | G90: W1/W3b | H90: C5 | I90: 2800 | J90: S2
A91: 211 | B91: 2F 二层 | C91: 213 | D91: CORRIDOR走道 | E91: 61.9 | F91: F5 | G91: W1/W3b | H91: C5 | I91: 2800 | J91: S2
A92: 211 | B92: 2F 二层 | C92: 215 | D92: OFFICE办公室 | E92: 13.2 | F92: F5 | G92: W1/W3b | H92: C5 | I92: 2800 | J92: S2
A93: 211 | B93: 2F 二层 | C93: 216 | D93: CONFERENCE会议室 | E93: 17.5 | F93: F5 | G93: W1/W3b | H93: C5 | I93: 2800 | J93: S2
A94: 211 | B94: 2F 二层 | C94: 217 | D94: CONFERENCE会议室 | E94: 17.8 | F94: F5 | G94: W1/W3b | H94: C5 | I94: 2800 | J94: S2
A95: 211 | B95: 2F 二层 | C95: 219 | D95: OPEN OFFICE开敞办公区 | E95: 786 | F95: F5 | G95: W1/W3b | H95: C5 | I95: 2800 | J95: S2
A96: 211 | B96: 2F 二层 | C96: 222 | D96: Cleaning RM 清洁间 | E96: 17.8 | F96: F5 | G96: W1b | H96: C5 | I96: 2800 | J96: S2
A97: 211 | B97: 2F 二层 | C97: 223 | D97: STORAGE存储室 | E97: 13.7 | F97: F5 | G97: W1 | H97: C5 | I97: 2800 | J97: S2
A98: 211 | B98: 2F 二层 | C98: 225 | D98: SHAFT管道井 | E98: 12.9 | F98: N/A | G98: N/A | H98: N/A | I98: N/A | J98: N/A
A99: 211 | B99: 2F 二层 | C99: 226 | D99: 11#ELEVATOR11#电梯 | E99: 7.9 | F99: N/A | G99: N/A | H99: N/A | I99: N/A | J99: N/A
A100: 211 | B100: 2F 二层 | C100: 227 | D100: CORRIDOR走道 | E100: 17 | F100: F4 | G100: W1 | H100: C1 | I100: 2800 | J100: S4
A101: 211 | B101: 2F 二层 | C101: 228 | D101: 2#STAIRCASE2#楼梯间 | E101: 16.5 | F101: F4 | G101: W1 | H101: C3 | I101: N/A | J101: S4
A102: 211 | B102: 2F 二层 | C102: 230 | D102: STORAGE存储室 | E102: 7.5 | F102: F5 | G102: W1b/W3b | H102: C5 | I102: 2800 | J102: S2
A103: 211 | B103: 2F 二层 | C103: 231 | D103: STUDY BOOTH研讨室 | E103: 5.8 | F103: F5 | G103: W1b/W3b | H103: C5 | I103: 2800 | J103: S2
A104: 211 | B104: 2F 二层 | C104: 232 | D104: STORAGE存储室 | E104: 8.2 | F104: F5 | G104: W1 | H104: C5 | I104: 2800 | J104: S2
A105: 211 | B105: 2F 二层 | C105: 233 | D105: STORAGE存储室 | E105: 16.1 | F105: F5 | G105: W1 | H105: C5 | I105: 2800 | J105: S2
A106: 211 | B106: 2F 二层 | C106: 235 | D106: CONFERENCE会议室 | E106: 43.6 | F106: F5 | G106: W1b/W3b | H106: C5 | I106: 2800 | J106: S2
...

Sheet 113
H1: ='211'!H1 -> RDSZ Building Room Information
A2: ='211'!A2 -> BUILDIN NO. | B2: ='211'!B2 -> BUILDING FLOOR | C2: ='211'!C2 -> Room-number | D2: ='211'!D2 -> ROOM NAME | E2: ='211'!E2 -> NET AREA | F2: ='211'!F2 -> FLOOR | G2: ='211'!G2 -> WALL | H2: ='211'!H2 -> CEILING | ... O2: ='211'!O2 -> NOTE NO.
A3: ='211'!A3 -> 楼号 | B3: ='211'!B3 -> 楼层 | C3: ='211'!C3 -> 房间号 | D3: ='211'!D3 -> 房间名称 | E3: ='211'!E3 -> 净面积(M2) | F3: ='211'!F3 -> 地面做法 | G3: ='211'!G3 -> 墙面做法 | H3: ='211'!H3 -> 吊顶做法 | ... O3: ='211'!O3 -> 备注索引
A4: 113 | B4: 1F 一层 | C4: 101 | D4: 楼梯间一（东） Staircase1（East） | E4: 19.5 | F4: F3 | G4: W1 | H4: C4 | I4: N/A | J4: S4
A5: 113 | B5: 1F 一层 | C5: 102 | D5: 走道CORRIDOR | E5: 24.5 | F5: F8 | G5: W1 | H5: C6 | I5: 2800 | J5: S1
A6: 113 | B6: 1F 一层 | C6: 103 | D6: 废水站化学品存储间 WWT Chemical Storage RM | E6: 12.1 | F6: F8 | G6: W1 | H6: N/A | I6: N/A | J6: S1
A7: 113 | B7: 1F 一层 | C7: 105 | D7: 耗材备品间Supplies Storage room | E7: 51.9 | F7: F8 | G7: W1 | H7: N/A | I7: N/A | J7: S1
A8: 113 | B8: 1F 一层 | C8: 106 | D8: 废弃物暂存WASTE STORAGE | E8: 41.4 | F8: F8 | G8: W1 | H8: N/A | I8: N/A | J8: S1
A9: 113 | B9: 1F 一层 | C9: 109 | D9: UPS RM 1 UPS室1 | E9: 11.2 | F9: F9 | G9: W1 | H9: N/A | I9: N/A | J9: S6
A10: 113 | B10: 1F 一层 | C10: 112 | D10: LV SWITCH RM开关室 | E10: 189.2 | F10: F9 | G10: W1 | H10: N/A | I10: N/A | J10: S6
A11: 113 | B11: 1F 一层 | C11: 113 | D11: 消防及安保监控室SECURITY CENTER | E11: 81.1 10.5M2 22.7M2 | F11: F9 | G11: W1 | H11: C1 | I11: 3100 | J11: S6
A12: 113 | B12: 1F 一层 | C12: 115 | D12: 女更衣室 Female Gowning MEN GOWNING男更衣 | E12: 8.9 22.7M2 | F12: F5 | G12: W1 | H12: C1 | I12: 2800 | J12: S2
A13: 113 | B13: 1F 一层 | C13: 116 | D13: 男更衣室 Male Gowning | E13: 9.2 | F13: F5 | G13: W1 | H13: C1 | I13: 2800 | J13: S2
A14: 113 | B14: 1F 一层 | C14: 117 | D14: UPS室3 UPS Room 3 | E14: 24.6 | F14: F8 | G14: W1 | H14: C1 | I14: 3000 | J14: S1
A15: 113 | B15: 1F 一层 | C15: 118 | D15: 管道井SHAFT | E15: 8.3 | F15: N/A | G15: W1 | H15: N/A | I15: N/A | J15: N/A
A16: 113 | B16: 1F 一层 | C16: 119 | D16: 休息室BREAK RM | E16: 38 | F16: F5 | G16: W1 | H16: C1 | I16: 3000 | J16: S2
A17: 113 | B17: 1F 一层 | C17: 120 | D17: 本地应急指挥响应中心 LEM RM | E17: 64 | F17: F6 | G17: W1 | H17: C1 | I17: 3000 | J17: S2
A18: 113 | B18: 1F 一层 | C18: 121 | D18: CORRIDOR走道 | E18: 30.86 | F18: F8 | G18: W1 | H18: C6 | I18: 2800 | J18: S1
A19: 113 | B19: 1F 一层 | C19: 122 | D19: 楼梯间二（西南） Staircase 2 (South-West) | E19: 19.2 | F19: F3 | G19: W1 | H19: C4 | I19: N/A | J19: S4
A20: 113 | B20: 1F 一层 | C20: 123 | D20: 9#电梯 9#Elevator | E20: 8.3 | F20: N/A | G20: N/A | H20: N/A | I20: N/A | J20: N/A
A21: 113 | B21: 1F 一层 | C21: 126 | D21: 门厅LOBBY | E21: 12.5 | F21: F3 | G21: W1 | H21: C6 | I21: 2800 | J21: S2
A22: 113 | B22: 1F 一层 | C22: 127 | D22: 楼梯间三（西北） Staircase 3 (North-West) | E22: 112.8 | F22: F3 | G22: W1 | H22: C6 | I22: N/A | J22: N/A
A23: 113 | B23: 1F 一层 | C23: 128 | D23: FUTURE OFFICE预留办公室 | E23: 64.6 | F23: F6 | G23: W1 | H23: C1 | I23: 3000 | J23: S2
A24: 113 | B24: 1F 一层 | C24: 130a | D24: 心理咨询室 Psychological Counseling Room | E24: 8.9 | F24: F6 | G24: W1 | H24: C1 | I24: 3000 | J24: S2
A25: 113 | B25: 1F 一层 | C25: 130b | D25: 理疗室Physical Therapy Room | E25: 13.5 | F25: F6 | G25: W1 | H25: C1 | I25: 3000 | J25: S2
A26: 113 | B26: 1F 一层 | C26: 131 | D26: PANTRY茶水间 | E26: 7.9 | F26: F5 | G26: W1 | H26: C1 | I26: 2800 | J26: S2
A27: 113 | B27: 1F 一层 | C27: 132 | D27: 洁具间 Janitor Room | E27: 5.3 | F27: F2 | G27: W2 | H27: C5 | I27: 2800 | J27: N/A
A28: 113 | B28: 1F 一层 | C28: 133 | D28: 司机休息室 Driver | E28: 53.3 | F28: F6 | G28: W1 | H28: C1 | I28: 3000 | J28: S2
A29: 113 | B29: 1F 一层 | C29: 135 | D29: 阀组间 Sprinkler Room | E29: 7.3 | F29: F10 | G29: W1 | H29: N/A | I29: N/A | J29: S3
A30: 113 | B30: 1F 一层 | C30: 136 | D30: 储藏间 Storage RM | E30: 41.2 | F30: F5 | G30: W1 | H30: C1 | I30: 3000 | J30: S2
A31: 113 | B31: 1F 一层 | C31: 137 | D31: 样品间Sample Room | E31: 86.9 | F31: F6 | G31: W1 | H31: C1 | I31: 3000 | J31: S2
A32: 113 | B32: 1F 一层 | C32: 138 | D32: 走道CORRIDOR | E32: 143.2 | F32: F5 | G32: W1 | H32: C6 | I32: 2800 | J32: S2
A33: 113 | B33: 1F 一层 | C33: 139 | D33: 走道CORRIDOR | E33: 22.4 | F33: F8 | G33: W1 | H33: C6 | I33: 2800 | J33: S1
A34: 113 | B34: 1F 一层 | C34: 150 | D34: 管道井SHAFT | E34: 14.4
A35: 113 | B35: 1F 一层 | C35: 151 | D35: 10#电梯 10#Elevator | E35: 9.9 | F35: N/A | G35: N/A | H35: N/A | I35: N/A | J35: N/A
A36: 113 | B36: 1F 一层 | C36: 152 | D36: 档案室ARCHIVE | E36: 118.1 | F36: F5 | G36: W1 | H36: C1 | I36: 2900 | J36: S1
A37: 113 | B37: 1F 一层 | C37: 153 | D37: 空调机房 HVAC Room | E37: 43.6 | F37: F10 | G37: W1 | H37: N/A | I37: N/A | J37: S3
A38: 113 | B38: 1F 一层 | C38: 155 | D38: IT操作室 IT OPERATION RM | E38: 15.4 | F38: F10 | G38: W1 | H38: N/A | I38: 2900 | J38: S3
A39: 113 | B39: 1F 一层 | C39: 155A | D39: DATA Center 数据中心 | E39: 59.4 | F39: F10 | G39: W1 | H39: N/A | I39: 2900 | J39: S3
A40: 113 | B40: 1F 一层 | C40: 156 | D40: IG541室 IG541 Room | E40: 9.6 | F40: F8 | G40: W1 | H40: C4 | I40: 2900 | J40: S1
A41: 113 | B41: 1F 一层 | C41: 157 | D41: UPS室2 UPS Room 2 | E41: 9.6 | F41: F8 | G41: W1 | H41: C4 | I41: 2900 | J41: S1
A42: 113 | B42: 1F 一层 | C42: 158 | D42: 弱电室 MDF&IDF | E42: 10.6 | F42: F9-抗静电架空塑胶地板600*600mm | G42: W1 | H42: C1 | I42: 2900 | J42: S6-成品防静电不锈钢踢脚
A43: 113 | B43: 1F 一层 | C43: 159 | D43: 强电室 Electrical Room | E43: 10.6 | F43: F10 | G43: W1 | H43: C4 | I43: 2900 | J43: N/A
A44: 113 | B44: 1F 一层 | C44: 160 | D44: 管道井 Shaft | E44: 17.8 | F44: N/A | G44: N/A | H44: N/A | I44: N/A | J44: N/A
A45: 113 | B45: 1F 一层 | C45: 161 | D45: 走道 Corridor | E45: 48.9 | F45: F8 | G45: W1 | H45: C1 | I45: 2900 | J45: S1
A46: 113 | B46: 1F 一层 | C46: 162 | D46: 男卫生间 Male Toilet | E46: 4.0 10.1M2 | F46: F2 | G46: W2 | H46: C5 | I46: 2900 | J46: N/A
A47: 113 | B47: 1F 一层 | C47: 163 | D47: 女卫生间 Female Toilet | E47: 3.7 | F47: F2 | G47: W2 | H47: C5 | I47: 2900 | J47: N/A
A48: 113 | B48: 1F 一层 | C48: 163a | D48: 卫生间前室 TOILET'S FRONT RM | E48: 8.0 | F48: F2 | G48: W2 | H48: C5 | I48: 2900 | J48: N/A
A49: 113 | B49: 1F 一层 | C49: 165 | D49: 女卫生间 Female Toilet | E49: 10.2 | F49: F2 | G49: W2 | H49: C5 | I49: 2900 | J49: N/A
A50: 113 | B50: 1F 一层 | C50: 166 | D50: 男卫生间 Male Toilet | E50: 13.8 | F50: F2 | G50: W2 | H50: C5 | I50: 2900 | J50: N/A
A51: 113 | B51: 1F 一层 | C51: 167 | D51: 卫生间 TOILET | E51: 8.8 | F51: F5 | G51: W1 | H51: C1 | I51: 2900 | J51: S2
A52: 113 | B52: 1F 一层 | C52: 168 | D52: 医务室 Healthcare Center | E52: 10.6 | F52: F5 | G52: W1 | H52: C1 | I52: 2900 | J52: S2
A53: 113 | B53: 1F 一层 | C53: 169a | D53: 诊断室 Diagnosis Room | E53: 12.8 | F53: F5 | G53: W1 | H53: C1 | I53: 2900 | J53: S2
A54: 113 | B54: 1F 一层 | C54: 169b | D54: 处置室 Disposal Room | E54: 6.9 | F54: F5 | G54: W1 | H54: C1 | I54: 2900 | J54: S2
A55: 113 | B55: 1F 一层 | C55: 169c | D55: 治疗室 Treatment Room | E55: 6.8 | F55: F5 | G55: W1 | H55: C1 | I55: 2900 | J55: S2
A56: 113 | B56: 1F 一层 | C56: 170 | D56: 储藏间 Storage | E56: 13.6 | F56: F5 | G56: W1 | H56: C1 | I56: 2900 | J56: S2
A57: 113 | B57: 1F 一层 | C57: 171 | D57: 灭活处理间 EDS Room | E57: 12.1 | F57: F8 | G57: W1 | H57: C4 | I57: N/A | J57: S1
A58: 113 | B58: 1F 一层 | D58: 单层建筑面积 | E58: 2065.5
A59: 113 | B59: 2F 二层 | C59: 201 | D59: 楼梯间一（东） Staircase 1(East) | E59: 16.2 | F59: F3 | G59: W1 | H59: C4 | I59: N/A | J59: S7
A60: 113 | B60: 2F 二层 | C60: 202 | D60: 更衣间 Gowning Room | E60: 7.1 | F60: F5 | G60: W1 | H60: C1 | I60: 2900 | J60: S2
A61: 113 | B61: 2F 二层 | C61: 203 | D61: 走道 | E61: 166.9 | F61: F5 | G61: W1 | H61: C1/C2 | I61: 2850 | J61: S2
A62: 113 | B62: 2F 二层 | C62: 205 | D62: 门厅 | E62: 138.5 | F62: F5 | G62: W1 | H62: C1/C2 | I62: 2850 | J62: S2
A63: 113 | B63: 2F 二层 | C63: 206 | D63: 楼梯间二（西南） Staircase 2 (South-West) | E63: 16.2 | F63: F2 | G63: W1 | H63: C4 | I63: N/A | J63: S7
A64: 113 | B64: 2F 二层 | C64: 207 | D64: 走道 | E64: 349.3 | F64: F3 | G64: W1 | H64: C2 | I64: 2800 | J64: S2
A65: 113 | B65: 2F 二层 | C65: 208 | D65: 楼梯间三（西北） Staircase 3 (North-West) | E65: 189.4 | F65: F2 | G65: W1 | H65: C6 | I65: N/A | J65: N/A
A66: 113 | B66: 2F 二层 | C66: 209 | D66: 男浴室 Male Shower | E66: 53.5 | F66: F2 | G66: W2 | H66: C5 | I66: 2700 | J66: N/A
A67: 113 | B67: 2F 二层 | C67: 210 | D67: 男厕所 Male Toilet | E67: 35.9 | F67: F2 | G67: W2 | H67: C5 | I67: 2700 | J67: N/A
A68: 113 | B68: 2F 二层 | C68: 211 | D68: 洁具间 Janitor | E68: 2.8 | F68: F2 | G68: W2 | H68: C5 | I68: 2700 | J68: N/A
A69: 113 | B69: 2F 二层 | C69: 212 | D69: 洗衣房 Laundry | E69: 18.6 | F69: F2 | G69: W2 | H69: C5 | I69: 2700 | J69: N/A
A70: 113 | B70: 2F 二层 | C70: 213 | D70: 女厕所 Female Toilet | E70: 26.3 | F70: F2 | G70: W2 | H70: C5 | I70: 2700 | J70: N/A
A71: 113 | B71: 2F 二层 | C71: 215 | D71: 洁具间 Janitor | E71: 4 | F71: F2 | G71: W2 | H71: C5 | I71: 2700 | J71: N/A
A72: 113 | B72: 2F 二层 | C72: 216 | D72: 女浴室 Female Shower | E72: 57.1 | F72: F2 | G72: W2 | H72: C5 | I72: 2700 | J72: N/A
A73: 113 | B73: 2F 二层 | C73: 217 | D73: 储存室 Storage | E73: 102.5 | F73: F8 | G73: W1 | H73: C4 | I73: N/A | J73: S1
A74: 113 | B74: 2F 二层 | C74: 218 | D74: 管井 Shaft | E74: 12.9 | F74: N/A | G74: N/A | H74: N/A | I74: N/A | J74: N/A
A75: 113 | B75: 2F 二层 | C75: 219 | D75: 10#电梯 10#Elevator | E75: 9.9 | F75: N/A | G75: N/A | H75: N/A | I75: N/A | J75: N/A
A76: 113 | B76: 2F 二层 | C76: 220 | D76: 储存室 Storage | E76: 23.4 | F76: F5 | G76: W1 | H76: C4 | I76: 2900 | J76: S2
A77: 113 | B77: 2F 二层 | C77: 221 | D77: 女总更更衣室 Female General Gowning Room | E77: 280.1 | F77: F5 | G77: W1 | H77: C1 | I77: 2900 | J77: S2
A78: 113 | B78: 2F 二层 | C78: 222 | D78: 男总更更衣室 Male General Gowning Room | E78: 298.1 | F78: F5 | G78: W1 | H78: C1 | I78: 2900 | J78: S2
A79: 113 | B79: 2F 二层 | C79: 223 | D79: 储存室 Storage | E79: 64 | F79: F5 | G79: W1 | H79: C1 | I79: 2900 | J79: S2
A80: 113 | B80: 2F 二层 | C80: 225 | D80: 工作服存放 Uniform Storage | E80: 58.2 | F80: F5 | G80: W1 | H80: C1 | I80: 2900 | J80: S2
A81: 113 | B81: 2F 二层 | C81: 226 | D81: 储存室 Storage | E81: 62.4 | F81: F8 | G81: W1 | H81: C1 | I81: N/A | J81: S1
A82: 113 | B82: 2F 二层 | C82: 227 | D82: 9#电梯 9#Elevator | E82: 8.7 | F82: N/A | G82: N/A | H82: N/A | I82: N/A | J82: N/A
A83: 113 | B83: 2F 二层 | C83: 228 | D83: 8#电梯8# ELEVATOR
A84: 113 | B84: 2F 二层 | C84: 229 | D84: 访客总更衣室 Visitor General Gowning Room | E84: 43.6 | F84: F5 | G84: W1 | H84: C1 | I84: 2900 | J84: S2
A85: 113 | B85: 2F 二层 | C85: 230 | D85: 管井 Shaft | E85: 17.8 | F85: N/A | G85: N/A | H85: N/A | I85: N/A | J85: N/A
A86: 113 | B86: 2F 二层 | C86: 231 | D86: 配电室 Electricaltrical Room | E86: 10.6 | F86: F10 | G86: W1 | H86: C4 | I86: N/A | J86: N/A
A87: 113 | B87: 2F 二层 | C87: 232 | D87: 弱电室 MDF&IDF | E87: 10.6 | F87: F10 | G87: W1 | H87: C4 | I87: N/A | J87: S6
A88: 113 | B88: 2F 二层 | C88: 233 | D88: 走道 | E88: 92.3 | F88: F5 | G88: W1 | H88: C2 | I88: 2900 | J88: S2
A89: 113 | B89: 2F 二层 | C89: 235 | D89: 废物处理间 Waste Handling Room | E89: 6.8
A90: 113 | B90: 2F 二层 | C90: 236 | D90: 微生物实验室 MicrobiologicalLab | E90: 37.1
A91: 113 | B91: 2F 二层 | C91: 237 | D91: 培养室 Incubation | E91: 18.2
A92: 113 | B92: 2F 二层 | C92: 239 | D92: 微生物限度检查室 Microbiological Limit Room | E92: 11.1 | F92: F4 | G92: W1 | H92: C1b | I92: 2850 | J92: S5
A93: 113 | B93: 2F 二层 | C93: 250 | D93: 阳性室Positive RM | E93: 10.4
A94: 113 | B94: 2F 二层 | C94: 251 | D94: 清洗室Washing Room | E94: 19.5
A95: 113 | B95: 2F 二层 | C95: 252 | D95: 更衣间Gowning Room | E95: 2.6
A96: 113 | B96: 2F 二层 | C96: 253 | D96: 更衣间Gowning Room | E96: 2.5
A97: 113 | B97: 2F 二层 | C97: 254 | D97: 储存室 Storage | E97: 15 | F97: F5 | G97: W1 | H97: C1 | I97: 2900 | J97: S2
A98: 113 | B98: 2F 二层 | C98: 255 | D98: 物料气闸间 MAL | F98: F5 | G98: W1 | H98: C1 | I98: 2900 | J98: S2
A99: 113 | B99: 2F 二层 | D99: 单层建筑面积 | E99: 2512.2
A100: 113 | B100: 3F 二层 | C100: 301 | D100: 楼梯间一（东） Staircase1（East） | E100: 16.2 | F100: F2 | G100: W1 | H100: C4 | I100: N/A | J100: S7
...

Sheet 121
H1: ='211'!H1 -> RDSZ Building Room Information
A2: ='211'!A2 -> BUILDIN NO. | B2: ='211'!B2 -> BUILDING FLOOR | C2: ='211'!C2 -> Room-number | D2: ='211'!D2 -> ROOM NAME | E2: ='211'!E2 -> NET AREA | F2: ='211'!F2 -> FLOOR | G2: ='211'!G2 -> WALL | H2: ='211'!H2 -> CEILING | ... O2: ='211'!O2 -> NOTE NO.
A3: ='211'!A3 -> 楼号 | B3: ='211'!B3 -> 楼层 | C3: ='211'!C3 -> 房间号 | D3: ='211'!D3 -> 房间名称 | E3: ='211'!E3 -> 净面积(M2) | F3: ='211'!F3 -> 地面做法 | G3: ='211'!G3 -> 墙面做法 | H3: ='211'!H3 -> 吊顶做法 | ... O3: ='211'!O3 -> 备注索引
A4: 121 | B4: 1F 一层 | C4: 101 | D4: 楼梯间二（北） Staircase 2 (North) | E4: 31 | F4: F17环氧涂层地面 | G4: W3 | H4: C4 | I4: N/A | J4: S8 | M4: 冷梁，空调机，风机盘管，排风，送风机，排烟，热交换器，正压送风，高效过滤器，旅行。
A5: 121 | B5: 1F 一层 | C5: 102 | D5: 走道 Corridor | E5: 89.5 | F5: F8a环氧自流平地面（有防水层） | G5: W3 | H5: C3 | I5: N/A | J5: S1环氧踢脚
A6: 121 | B6: 1F 一层 | C6: 105 | D6: 污水处理 Waste Water Treatment | E6: 134.8 | F6: F8a环氧自流平地面（有防水层） | G6: W3 | H6: N/A | I6: N/A | J6: S1环氧踢脚
A7: 121 | B7: 1F 一层 | C7: 106 | D7: 纯蒸汽锅炉房 Clean Steam Boiler | E7: 47.6 | F7: F8a环氧自流平地面（有防水层） | G7: W1 | H7: C1 | I7: N/A | J7: S3环氧涂层踢脚
A8: 121 | B8: 1F 一层 | C8: 107 | D8: 预留Reserved | E8: 106.9 | F8: F8a环氧自流平地面（有防水层） | G8: W1 | H8: C1 | I8: N/A | J8: S3环氧涂层踢脚
A9: 121 | B9: 1F 一层 | C9: 108 | D9: 预留Reserved | E9: 38.4 | F9: F8a | G9: W1 | H9: C1 | I9: 3200 | J9: S5乙烯基踢脚,2.5毫米厚
A10: 121 | B10: 1F 一层 | C10: 109 | D10: 灌装间Filling | E10: 296.6 | F10: F8a | G10: W1 | H10: C1 | I10: 3200 | J10: S5乙烯基踢脚,2.5毫米厚
A11: 121 | B11: 1F 一层 | C11: 110 | D11: 洁具间 Janitor | E11: 19.7 | F11: F8a | G11: W3 | H11: C1 | I11: 3200 | J11: S1环氧踢脚
A12: 121 | B12: 1F 一层 | C12: 111 | D12: 工作间 Workshop | E12: 17.4 | F12: F8a | G12: W3 | H12: C1 | I12: N/A | J12: S1环氧踢脚
A13: 121 | B13: 1F 一层 | C13: 112 | D13: 标签打印间 Label Printing Room | E13: 181.1 | F13: F8a | G13: W3 | H13: C1 | I13: N/A | J13: S1环氧踢脚
A14: 121 | B14: 1F 一层 | C14: 113 | D14: 楼梯间一（南） Staircase 1 (South) | E14: 37 | F14: F17环氧涂层地面 | G14: W1a丙烯酸乳胶漆涂料墙面 | H14: C5穿孔金属吸音吊顶 | I14: 3000 | J14: S1环氧踢脚
A15: 121 | B15: 1F 一层 | C15: 115 | D15: 包材存储间 Packaging Material Storage Room | E15: 137 | F15: F8a | G15: W1b/W3b丙烯酸乳胶漆涂料墙面(轻质隔墙)9M2/无框玻璃隔断35.3M2 | H15: C5穿孔金属吸音吊顶 | I15: 2800 | J15: S2
A16: 121 | B16: 1F 一层 | C16: 115A | D16: 管井 Pipe Shaft | E16: 7.2 | F16: N/A | G16: N/A | H16: N/A | I16: N/A | J16: N/A
A17: 121 | B17: 1F 一层 | C17: 116 | D17: 备用楼梯间 Future Staircase | E17: 40.4 | F17: F8 | G17: W1 | H17: N/A | I17: N/A | J17: S1环氧踢脚
A18: 121 | B18: 1F 一层 | C18: 118 | D18: 走道 Corridor | E18: 725.4 | F18: F8a | G18: W1a/W1b | H18: C1b/C2 | I18: 3200 | J18: S1环氧踢脚
A19: 121 | B19: 1F 一层 | C19: 119 | D19: 校准品灌装CNC Calibrator Filling CNC | E19: 59.2 | F19: F2耐化学品，耐压，耐磨环氧自流平地面 | G19: W1 | H19: C1 | I19: 3200 | J19: S5乙烯基踢脚,2.5毫米厚
A20: 121 | B20: 1F 一层 | C20: 120 | D20: 校准品灌装 Calibrator Filling | E20: 78.4 | F20: F2 | G20: W1 | H20: C1 | I20: 3200 | J20: S5乙烯基踢脚,2.5毫米厚
A21: 121 | B21: 1F 一层 | C21: 121 | D21: 配制 Compounding | E21: 39.4 | F21: F2 | G21: W1 | H21: C1 | I21: 3200 | J21: S5乙烯基踢脚,2.5毫米厚
A22: 121 | B22: 1F 一层 | C22: 122 | D22: 洁具间 Janitor | E22: 4.7 | F22: F2 | G22: W1 | H22: C1 | I22: 3200 | J22: S5乙烯基踢脚,2.5毫米厚
A23: 121 | B23: 1F 一层 | C23: 123 | D23: 中间品储存 WIP Storage | E23: 19.4 | F23: F2 | G23: W1 | H23: C1 | I23: 3200 | J23: S5乙烯基踢脚,2.5毫米厚
A24: 121 | B24: 1F 一层 | C24: 125 | D24: 走道 Corridor | E24: 95.7 | F24: F2 | G24: W1 | H24: C1 | I24: 3200 | J24: S5乙烯基踢脚,2.5毫米厚
A25: 121 | B25: 1F 一层 | C25: 126 | D25: 在线清洗站 CIP Skid | E25: 23.7 | F25: F2 | G25: W1 | H25: C1 | I25: 3200 | J25: S5乙烯基踢脚,2.5毫米厚
A26: 121 | B26: 1F 一层 | C26: 127 | D26: 支持间 Support Room | E26: 11 | F26: F2 | G26: W1 | H26: C1 | I26: 3200 | J26: S5乙烯基踢脚,2.5毫米厚
A27: 121 | B27: 1F 一层 | C27: 128 | D27: 清洗间Cleaning Area | E27: 32.4 | F27: F2 | G27: W1 | H27: C1 | I27: 3200 | J27: S5乙烯基踢脚,2.5毫米厚
A28: 121 | B28: 1F 一层 | C28: 129 | D28: 人员缓冲间 PAL | E28: 5.5 | F28: F2 | G28: W1 | H28: C1 | I28: 3200 | J28: S5乙烯基踢脚,2.5毫米厚
A29: 121 | B29: 1F 一层 | C29: 130 | D29: 更衣 Gowning | E29: 9.8 | F29: F2 | G29: W1 | H29: C1 | I29: 3200 | J29: S5乙烯基踢脚,2.5毫米厚
... A32: 121 | B32: 1F 一层 | C32: 135 | D32: 中控室 IPC | E32: 22.3 | F32: F2 | G32: W1 | H32: C1 | I32: 3200 | J32: S5乙烯基踢脚,2.5毫米厚
A33: 121 | B33: 1F 一层 | C33: 136 | D33: 备料间 Material Staging | G33: W1 | H33: C1 | I33: 3200 | J33: S5乙烯基踢脚,2.5毫米厚
A34: 121 | B34: 1F 一层 | C34: 137 | D34: 免疫灌装 Elecsys Filling | E34: 132.6 | F34: F2 | G34: W1 | H34: C1 | I34: 3200 | J34: S5乙烯基踢脚,2.5毫米厚
A35: 121 | B35: 1F 一层 | C35: 138 | D35: 包装车间Packaging Hall | E35: 2065.7 | F35: F8a | G35: W1a | H35: C1/C3 | I35: 3200 | J35: S1环氧踢脚
A36: 121 | B36: 1F 一层 | C36: 139 | D36: 物料缓冲间 MAL | E36: 3.6 | F36: F2 | G36: W1 | H36: C1 | I36: 3200 | J36: S5乙烯基踢脚,2.5毫米厚
A37: 121 | B37: 1F 一层 | C37: 140 | D37: 清洁/消毒 2 COP/SOP 2 | E37: 9.3 | F37: F2 | G37: W1 | H37: C1 | I37: 3200 | J37: S5乙烯基踢脚,2.5毫米厚
A38: 121 | B38: 1F 一层 | C38: 141 | D38: 清洁/ 消毒1 COP SOP 1 | E38: 9.1 | F38: F2 | G38: W1 | H38: C1 | I38: 3200 | J38: S5乙烯基踢脚,2.5毫米厚
A39: 121 | B39: 1F 一层 | C39: 142 | D39: 灌装间 Filling Room | E39: 15.2 | F39: F2 | G39: W1 | H39: C1 | I39: 3200 | J39: S5乙烯基踢脚,2.5毫米厚
A40: 121 | B40: 1F 一层 | C40: 143 | D40: 消毒 SOP | E40: 9.3 | F40: F2 | G40: W1 | H40: C1 | I40: 3200 | J40: S5乙烯基踢脚,2.5毫米厚
A41: 121 | B41: 1F 一层 | C41: 145 | D41: 清洗/消毒间 COP/SOP | E41: 9.1 | F41: F2 | G41: W1 | H41: C1 | I41: 3200 | J41: S5乙烯基踢脚,2.5毫米厚
A42: 121 | B42: 1F 一层 | C42: 150 | D42: 物料缓冲间 MAL | E42: 3.6 | F42: F2 | G42: W1 | H42: C1 | I42: 3200 | J42: S5乙烯基踢脚,2.5毫米厚
A43: 121 | B43: 1F 一层 | C43: 151 | D43: 楼梯间三 Staircase 3 | E43: 23.8 | F43: F2 | G43: W1 | H43: C1 | I43: 3200 | J43: S5乙烯基踢脚,2.5毫米厚
A44: 121 | B44: 1F 一层 | C44: 152 | D44: 1#电梯间 1#Elevator | E44: 9.9 | F44: F5 | G44: W1 | H44: C1 | I44: 3200 | J44: S5乙烯基踢脚,2.5毫米厚
A45: 121 | B45: 1F 一层 | C45: 153 | D45: 消防阀室 Sprinkler Valve Room | E45: 15.3 | F45: F8a | G45: W1a | H45: C4 | I45: N/A | J45: S1环氧踢脚
A46: 121 | B46: 1F 一层 | C46: 155 | D46: 废物缓冲间 Waste Airlock | E46: 10.2 | F46: F2 | G46: W1 | H46: C1 | I46: 3200 | J46: S5乙烯基踢脚,2.5毫米厚
A47: 121 | B47: 1F 一层 | C47: 156 | D47: 物料缓冲间 MAL | E47: 10.5 | F47: F2 | G47: W1 | H47: C1 | I47: 3200 | J47: S5乙烯基踢脚,2.5毫米厚
A48: 121 | B48: 1F 一层 | C48: 158 | D48: 手工操作间 Manual Operation Room | E48: 57.1 | F48: F2 | G48: W1 | H48: C1 | I48: 3200 | J48: S5乙烯基踢脚,2.5毫米厚
A49: 121 | B49: 1F 一层 | C49: 159 | D49: 原辅料暂存RM Staging | E49: 101.4 | F49: F2 | G49: W1 | H49: C1 | I49: 3200 | J49: S5乙烯基踢脚,2.5毫米厚
A50: 121 | B50: 1F 一层 | C50: 160 | D50: 酶配制Enzyme Compounding | E50: 17.7 | F50: F2 | G50: W1 | H50: C1 | I50: 3200 | J50: S5乙烯基踢脚,2.5毫米厚
A51: 121 | B51: 1F 一层 | C51: 161 | D51: 配制/过滤 Compounding/Filtration | E51: 397.2 | F51: F2 | G51: W1 | H51: C1 | I51: 3200 | J51: S5乙烯基踢脚,2.5毫米厚
A52: 121 | B52: 1F 一层 | C52: 162 | D52: 冷库Cold Storage | E52: 49.1 | F52: F5 | G52: W1 | H52: C1 | I52: 3200 | J52: S5乙烯基踢脚,2.5毫米厚
A53: 121 | B53: 1F 一层 | C53: 163 | D53: 走廊 Corridor | E53: 378.2 | F53: F2 | G53: W1 | H53: C1 | I53: 3200 | J53: S5乙烯基踢脚,2.5毫米厚
A54: 121 | B54: 1F 一层 | C54: 165 | D54: 灌装文档间 Filling Documentation | E54: 9.7 | F54: F2 | G54: W1 | H54: C1 | I54: 3200 | J54: S5乙烯基踢脚,2.5毫米厚
A55: 121 | B55: 1F 一层 | C55: 166 | D55: 配制文档间Compounding Documentation | E55: 12.8 | F55: F2 | G55: W1 | H55: C1 | I55: 3200 | J55: S5乙烯基踢脚,2.5毫米厚
A56: 121 | B56: 1F 一层 | C56: 167 | D56: 冰柜间Freezer Staging | E56: 12.6 | F56: F2 | G56: W1 | H56: C1 | I56: 3200 | J56: S5乙烯基踢脚,2.5毫米厚
A57: 121 | B57: 1F 一层 | C57: 168 | D57: 活性物料配制Stock Solution Compounding | E57: 17.4 | F57: F2 | G57: W1 | H57: C1 | I57: 3200 | J57: S5乙烯基踢脚,2.5毫米厚
... A77: 121 | B77: 1F 一层 | C77: 190 | D77: 洁具间Janitor | E77: 6 | F77: F2 | G77: W1 | H77: C1 | I77: 3200 | J77: S5乙烯基踢脚,2.5毫米厚
A78: 121 | B78: 1F 一层 | C78: 191 | D78: 化学品中间存储间 Chemical Intermediate Storage | E78: 6.3 | F78: F1 | G78: W1a | H78: C4 | I78: N/A | J78: S1环氧踢脚
A79: 121 | B79: 1F 一层 | C79: 192 | D79: 缓冲间 Buffer | E79: 2.4 | F79: F1 | G79: W1a | H79: C4 | I79: N/A | J79: S1环氧踢脚
A80: 121 | B80: 1F 一层 | C80: 193 | D80: 灌装间 PCR Filling
A81: 121 | B81: 1F 一层 | C81: 195 | D81: 缓冲间 Buffer
A82: 121 | B82: 1F 一层 | C82: 196 | D82: 缓冲间 Buffer
A83: 121 | B83: 1F 一层 | C83: 197 | D83: 灌装间 PCR Filling3
A84: 121 | B84: 1F 一层 | C84: 198 | D84: 分配器灌装间 Dispenser
A85: 113 | B85: 1F 一层 | D85: 单层建筑面积 | E85: 7800.5
A86: 121 | B86: 2F 二层 | C86: 201 | D86: 楼梯间二（北）Staircase 2 (North) | E86: 32.3 | F86: F17环氧涂层地面 | G86: W1a | H86: C4 | I86: N/A | J86: S8
A87: 121 | B87: 2F 二层 | C87: 202 | D87: 储藏室 Storage Room | E87: 29.4 | F87: F8a | G87: W1a | H87: C1 | I87: 2800 | J87: S1环氧踢脚
A88: 121 | B88: 2F 二层 | C88: 203 | D88: 不间断电源室 UPS | E88: 34.3 | F88: F9 | G88: W1a | H88: C4 | I88: N/A | J88: S6
A89: 121 | B89: 2F 二层 | C89: 205 | D89: 储存间 Storage Room | E89: 9.8 | F89: F8a | G89: W1a | H89: C4 | I89: 2800 | J89: S1环氧踢脚
A90: 121 | B90: 2F 二层 | C90: 206 | D90: 人员缓冲间 PAL | E90: 49.1 | F90: F2耐化学品，耐压，耐磨环氧自流平地面
A91: 121 | B91: 2F 二层 | C91: 207 | D91: 储存间 Storage Room | E91: 38
A92: 121 | B92: 2F 二层 | C92: 208 | D92: 弱电室 MDF&IDF | E92: 23.4 | F92: F9 | G92: W1a | H92: C1 | I92: 3000 | J92: S6
A93: 121 | B93: 2F 二层 | C93: 209 | D93: 茶水间 Pentry | E93: 115.8 | F93: F5 | G93: W1a | H93: C1 | I93: 2800 | J93: S2
A94: 121 | B94: 2F 二层 | C94: 210 | D94: 维修间 Maintenance Room | E94: 146.8 | F94: F1 | G94: W1a | H94: C1 | I94: 2800 | J94: S2
A95: 121 | B95: 2F 二层 | C95: 211 | D95: 楼梯间一（南）Staircase 1 (South) | E95: 32.3 | F95: F17环氧涂层地面 | G95: W1a | H95: C4 | I95: N/A | J95: S8
A96: 121 | B96: 2F 二层 | C96: 212 | D96: QC-样品留存间（常温） QC-Sample Retention(Ambient) | E96: 150.8
A97: 121 | B97: 2F 二层 | C97: 212A | D97: 管井 Pipe Shaft | E97: 7.5 | F97: N/A | G97: N/A | H97: N/A | I97: N/A
A98: 121 | B98: 2F 二层 | C98: 213 | D98: 备用楼梯间 Future Staircase | E98: 36.8 | F98: F17环氧涂层地面 | G98: W1a/W1b | H98: C4 | I98: N/A | J98: S8
A99: 121 | B99: 2F 二层 | C99: 215 | D99: 预留房间 Spare Room
A100: 121 | B100: 2F 二层 | C100: 216 | D100: 走道 Corridor | E100: 718.7 | F100: F5 | G100: W1a/W1b | H100: C1b/C2 | I100: 2800 | J100: S6
A101: 121 | B101: 2F 二层 | C101: 217 | D101: 配电室 Switchroom | E101: 79.4 | F101: F17/F9 | G101: W1a | H101: C4 | I101: N/A | J101: S2
A102: 121 | B102: 2F 二层 | C102: 218 | D102: 安防机房 Security | E102: 22.9 | F102: F17/F9 | G102: W1a | H102: C1 | I102: 3000 | J102: S6
A103: 121 | B103: 2F 二层 | C103: 219 | D103: 换鞋间 (女) Shoe Change (Female) | E103: 36 | F103: F2耐化学品，耐压，耐磨环氧自流平地面
A104: 121 | B104: 2F 二层 | C104: 220 | D104: 更衣间（女）Gowning (Female) | E104: 19.4 | F104: F2耐化学品，耐压，耐磨环氧自流平地面
A105: 121 | B105: 2F 二层 | C105: 221 | D105: 换鞋间 (男) Shoe Change (Male) | E105: 39.5 | F105: F2耐化学品，耐压，耐磨环氧自流平地面
A106: 121 | B106: 2F 二层 | C106: 222 | D106: 更衣间（男） Gowning (Male) | E106: 27.5 | F106: F2耐化学品，耐压，耐磨环氧自流平地面
A107: 121 | B107: 2F 二层 | C107: 223 | D107: 1#电梯间 1#Elevator | E107: 9.9 | F107: N/A | G107: N/A | H107: N/A | I107: N/A | J107: N/A
A108: 121 | B108: 2F 二层 | C108: 225 | D108: 楼梯间三 Staircase 3 | E108: 29.1 | F108: F2耐化学品，耐压，耐磨环氧自流平地面
A109: 121 | B109: 2F 二层 | C109: 226 | D109: 访客更衣间Visitor Gowning | E109: 20.7 | F109: F2耐化学品，耐压，耐磨环氧自流平地面
A110: 121 | B110: 2F 二层 | C110: 227 | D110: 女卫生间 Female Toilet | E110: 22.4 | F110: F2 | G110: W2 | H110: C5 | I110: 2700 | J110: N/A
A111: 121 | B111: 2F 二层 | C111: 228 | D111: 男卫生间 Male Toilet | E111: 21.6 | F111: F2 | G111: W2 | H111: C5 | I111: 2700 | J111: N/A
A112: 113 | B112: 2F 二层 | D112: 单层建筑面积 | E112: 2261.6
A113: 121 | B113: 3F 三层 | C113: 301 | D113: 楼梯间二（北）Staircase 2 (North) | E113: 40.1 | F113: F17环氧涂层地面 | G113: W1a | H113: C4 | I113: N/A | J113: S8
A114: 121 | B114: 3F 三层 | C114: 302 | D114: 热水机房 Hot Water | E114: 74.2 | F114: F8a | G114: W1a | H114: C4 | I114: N/A | J114: S1环氧踢脚
A115: 121 | B115: 3F 三层 | C115: 303 | D115: 排烟机房 Desmoke | E115: 73.4 | F115: F8a | G115: W1a | H115: C4 | I115: N/A | J115: S1环氧踢脚
A116: 121 | B116: 3F 三层 | C116: 305 | D116: 空调机房 HVAC | E116: 328.7 | F116: F8a | G116: W1a/W1b | H116: C4 | I116: N/A | J116: S1环氧踢脚
A117: 121 | B117: 3F 三层 | C117: 306 | D117: 电梯前室 Elevator Lobby | E117: 8.2 | F117: F8a | G117: W1a/W1b | H117: C4 | I117: N/A | J117: S1环氧踢脚
A118: 121 | B118: 3F 三层 | C118: 307 | D118: 1#电梯间 1#Elevator | E118: 9.9 | F118: N/A | G118: N/A | H118: N/A | I118: N/A | J118: N/A
A119: 121 | B119: 3F 三层 | C119: 308 | D119: 中水间 Reuse Water | E119: 171.3 | F119: F8a | G119: W1a | H119: C4 | I119: N/A | J119: S1环氧踢脚
A120: 121 | B120: 3F 三层 | C120: 309 | D120: 空调机房 HVAC | E120: 239.9 | F120: F8a | G120: W1a/W1b | H120: C4 | I120: N/A | J120: S1环氧踢脚
A121: 121 | B121: 3F 三层 | C121: 310 | D121: 排烟机房 Desmoke | E121: 80.6 | F121: F8a | G121: W1a/W1b | H121: C4 | I121: N/A | J121: S1环氧踢脚
...

Sheet 231
H1: ='211'!H1 -> RDSZ Building Room Information
A2: ='211'!A2 -> BUILDIN NO. | B2: ='211'!B2 -> BUILDING FLOOR | C2: ='211'!C2 -> Room-number | D2: ='211'!D2 -> ROOM NAME | E2: ='211'!E2 -> NET AREA | F2: ='211'!F2 -> FLOOR | G2: ='211'!G2 -> WALL | H2: ='211'!H2 -> CEILING | ... O2: ='211'!O2 -> NOTE NO.
A3: ='211'!A3 -> 楼号 | B3: ='211'!B3 -> 楼层 | C3: ='211'!C3 -> 房间号 | D3: ='211'!D3 -> 房间名称 | E3: ='211'!E3 -> 净面积(M2) | F3: ='211'!F3 -> 地面做法 | G3: ='211'!G3 -> 墙面做法 | H3: ='211'!H3 -> 吊顶做法 | ... O3: ='211'!O3 -> 备注索引
A4: 231 | B4: 1F | C4: 101 | D4: 楼梯间三（东北） Staircase 3 (North-East) | E4: 22.2 | F4: F17环氧涂层地面 | G4: W1a | H4: C4 | I4: N/A | J4: S8
A5: 231 | B5: 1F | C5: 102 | D5: 洁具间 Janitor | E5: 9.4 | F5: F2 | G5: W1b | H5: C5 | I5: 2700 | J5: S6
A6: 231 | B6: 1F | C6: 103 | D6: 设备间 Technical Room | E6: 16.7 | F6: F5 | G6: W5 | H6: C4 | I6: N/A | J6: S6
A7: 231 | B7: 1F | C7: 105 | D7: 管井 Pipe Shaft | E7: 3 | F7: N/A | G7: N/A | H7: N/A | I7: N/A | J7: N/A
A8: 231 | B8: 1F | C8: 106 | D8: 取样室 Sampling Room | E8: 26.3 | F8: F1 | G8: W3 | H8: C3 | I8: 2800 | J8: S1
A9: 231 | B9: 1F | C9: 107 | D9: 人员前室 PAL | E9: 4.2 | F9: F1 | G9: W3 | H9: C3 | I9: 2800 | J9: S1
A10: 231 | B10: 1F | C10: 108 | D10: 物料气闸室 Material Airlock | E10: 6.5 | F10: F1 | G10: W3 | H10: C3 | I10: 2800 | J10: S1
A11: 231 | B11: 1F | C11: 109 | D11: 更衣室 Gowning | E11: 12 | F11: F1 | G11: W3 | H11: C3 | I11: 2800 | J11: S1
A12: 231 | B12: 1F | C12: 110 | D12: 废物存放 Waste Storage | E12: 36 | F12: F1 | G12: W1b | H12: C4 | I12: N/A | J12: S1
A13: 231 | B13: 1F | C13: 111 | D13: 包材检验室2 packaging material inspection room2 | E13: 22.3 | F13: F1 | G13: W1a | H13: C4 | I13: N/A | J13: S1
A14: 231 | B14: 1F | C14: 112 | D14: 楼梯间四（东南） Staircase 4 (South-East) | E14: 23.6 | F14: F17环氧涂层地面 | G14: W1a | H14: C4 | I14: N/A | J14: S8
A15: 231 | B15: 1F | C15: 113 | D15: 驾驶员休息室 Driver Room | E15: 6.8 | F15: F5 | G15: W1a | H15: C1 | I15: 2800 | J15: S6
A16: 231 | B16: 1F | C16: 113A | D16: 卫生间 Toilet | E16: 4.1 | F16: F2 | G16: W2 | H16: C5 | I16: 2700 | J16: N/A
A17: 231 | B17: 1F | C17: 115 | D17: 收发室 Reception | E17: 21.9 | F17: F6 | G17: S6 | H17: W1a | I17: 2800 | J17: S6
A18: 231 | B18: 1F | C18: 116 | D18: 物料缓冲间 Material Buffer | E18: 15.4 | F18: F1 | G18: W1a | H18: C4 | I18: 3000 | J18: S1
A19: 231 | B19: 1F | C19: 117 | D19: 物料缓冲间 Material Buffer | E19: 15.4 | F19: F1 | G19: W1a | H19: C4 | I19: 3000 | J19: S1
A20: 231 | B20: 1F | C20: 118 | D20: 物料缓冲间 Material Buffer | E20: 14.7 | F20: F1 | G20: W1a | H20: C4 | I20: 3000 | J20: S1
A21: 231 | B21: 1F | C21: 119 | D21: 物料缓冲间（冷库） Material Buffer（Cold Room） | E21: 14.1 | F21: F1 | G21: W1a | H21: C6 | I21: 3000 | J21: S1
A22: 231 | B22: 1F | C22: 125 | D22: 高架冷库 High Bay Cold Room Storage | E22: 1089.3
A23: 231 | B23: 1F | C23: 126 | D23: 高架冷库 High Bay Cold Room Storage | E23: 1071.2
A24: 231 | B24: 1F | C24: 127 | D24: 室温高架库 High Bay Room Temperature Storage | E24: 1088.1 | F24: F1 | G24: W4 | H24: C4 | I24: N/A | J24: S1
A25: 231 | B25: 1F | C25: 128 | D25: 堆存区（丙类2项） Block Storage (Class C2) | E25: 841 | F25: F1 | G25: W1a | H25: C4 | I25: N/A | J25: S1
A26: 231 | B26: 1F | C26: 129 | D26: 楼梯间一（西北） Staircase 1 (North-West) | E26: 27.9 | F26: F17环氧涂层地面 | G26: W1a/W1b | H26: C2 | I26: N/A | J26: S8
A27: 231 | B27: 1F | C27: 130 | D27: 消防阀室 Sprinkler Valve Room | E27: 19.5 | F27: F1 | G27: W1a | H27: C4 | I27: N/A | J27: S1
A28: 231 | B28: 1F | C28: 131 | D28: 走道 Corridor | E28: 9.6 | F28: F1 | G28: W1a | H28: C4 | I28: N/A | J28: S1
A29: 231 | B29: 1F | C29: 132 | D29: 楼梯间二（北） Staircase 2 (North) | E29: 27.9 | F29: F17环氧涂层地面 | G29: W1a | H29: C4 | I29: N/A | J29: S8
A30: 231 | B30: 1F | C30: 133 | D30: 走道 Corridor128 | E30: 79.3 | F30: F1 | G30: W1 | H30: C4 | I30: N/A | J30: S1
A31: 231 | B31: 1F | C31: 135 | D31: 1F-2#电梯 1F-2#Elevator | E31: 7.8 | F31: N/A | G31: N/A | H31: N/A | I31: N/A | J31: N/A
A32: 231 | B32: 1F | C32: 136 | D32: 1F-3#电梯 1F-3#Elevator | E32: 10.5 | F32: N/A | G32: N/A | H32: N/A | I32: N/A | J32: N/A
A33: 231 | B33: 1F | C33: 137 | D33: 办公室 Office | E33: 20.5 | F33: F1 | G33: W1 | H33: C4 | I33: N/A | J33: S1
A34: 231 | B34: 1F | C34: 138 | D34: 收发区 Shipping and Receiving | E34: 857.7 | F34: F1 | G34: W1a/W1b | H34: C4 | I34: N/A | J34: S1
A35: 231 | B35: 1F | C35: 139 | D35: 预冷室 Pre Cooling Room | E35: 115.1
A36: 231 | B36: 1F | C36: 150 | D36: 走道 Corridor | E36: 109.2 | F36: F1 | G36: W1 | H36: C1 | I36: N/A | J36: S1
A37: 231 | B37: 1F | C37: 160 | D37: 缓冲间 Buffer
A38: 113 | B38: 1F 一层 | D38: 单层建筑面积 | E38: 6005.6
A39: 231 | B39: 2F | C39: 201 | D39: 楼梯间三（东北） Staircase 3 (North-East) | E39: 22.2 | F39: F17环氧涂层地面 | G39: W1a/w1b | H39: C4 | I39: N/A | J39: S8
A40: 231 | B40: 2F | C40: 202 | D40: 男卫 Male Toilet | E40: 14.4 | F40: F2 | G40: W2a | H40: C5 | I40: 2700 | J40: N/A
A41: 231 | B41: 2F | C41: 203 | D41: 管道井 Pipe Shaft | E41: 4.6 | F41: N/A | G41: N/A | H41: N/A | I41: N/A | J41: N/A
A42: 231 | B42: 2F | C42: 205 | D42: 女卫 Female Toilet | E42: 12 | F42: F2 | G42: W2a | H42: C5 | I42: 2700 | J42: N/A
A43: 231 | B43: 2F | C43: 206 | D43: 茶水间 Pantry | E43: 41 | F43: F5 | G43: W1a/W1b | H43: C1 | I43: 2700 | J43: S6
A44: 231 | B44: 2F | C44: 207 | D44: 工作间 Work Shop | E44: 67.2 | F44: F6 | G44: W1/W5 | H44: C1 | I44: 2700 | J44: S6
A45: 231 | B45: 2F | C45: 208 | D45: 楼梯间四（东南） Staircase 4 (South-East) | E45: 24.2 | F45: F17环氧涂层地面 | G45: W1a/w1b | H45: C4 | I45: N/A | J45: S8
A46: 231 | B46: 2F | C46: 209 | D46: 热水间 Hot Water Room | E46: 35.4 | F46: F1 | G46: W1a | H46: C4 | I46: N/A | J46: S1
A47: 231 | B47: 2F | C47: 210 | D47: 排烟机房2 Desmoke Room 2 | E47: 28 | F47: F1 | G47: W1/W5 | H47: C4 | I47: N/A | J47: S1
A48: 231 | B48: 2F | C48: 211 | D48: 空调机房 HVAC | E48: 25.1 | F48: F1 | G48: W1a/w1b | H48: C4 | I48: N/A | J48: S1
A49: 231 | B49: 2F | C49: 212 | D49: 管道井 Pipe Shaft | E49: 5.2 | F49: N/A | G49: N/A | H49: N/A | I49: N/A | J49: N/A
A50: 231 | B50: 2F | C50: 213 | D50: 3#电梯间 3#Elevator
A51: 231 | B51: 2F | C51: 215 | D51: 2#电梯间 2#Elevator
A52: 231 | B52: 2F | C52: 216 | D52: 零下80℃冷冻储存间 -80℃ Freeze Storage(Class C2) | E52: 118.2
A53: 231 | B53: 2F | C53: 217 | D53: 冷库2 （丙类二项）Cold Room 2 (Class C2) | E53: 64.7
A54: 231 | B54: 2F | C54: 218 | D54: 冷库1（丙类二项）Cold Room 1 (Class C2) | E54: 64.7
A55: 231 | B55: 2F | C55: 219 | D55: 预冷却 Pre Cooling | E55: 26.8
A56: 231 | B56: 2F | C56: 219A | D56: 零下20℃冷冻储存间 -20℃ Freeze Storage | E56: 82.4
A57: 231 | B57: 2F | C57: 220 | D57: 弱电间 IDF Room | E57: 24.7 | F57: F9 | G57: W1a | H57: C4 | I57: N/A | J57: S6
A58: 231 | B58: 2F | C58: 221 | D58: 冷冻室 Chiller Room | E58: 59.1 | F58: F1 | G58: W1 | H58: C4 | I58: N/A | J58: S1
A59: 231 | B59: 2F | C59: 222 | D59: 货架储存间 3（丙类二项）Shelf Storage 3(Class C2) | E59: 64.7 | F59: F1 | G59: W1 | H59: C4 | I59: N/A | J59: S1
A60: 231 | B60: 2F | C60: 225 | D60: 货架储存间 1（丙类二项）Shelf Storage 1(Class C2) | E60: 194.8 | F60: F1 | G60: W1 | H60: C4 | I60: N/A | J60: S1
A61: 231 | B61: 2F | C61: 225A | D61: 管道井 Pipe Shaft | E61: 7 | F61: N/A | G61: N/A | H61: N/A | I61: N/A | J61: N/A
A62: 231 | B62: 2F | C62: 226 | D62: 楼梯间一（西北） Staircase 1 (North-West) | E62: 27.9 | F62: F17环氧涂层地面 | G62: W1a/w1b | H62: C4 | I62: N/A | J62: S8
A63: 231 | B63: 2F | C63: 227 | D63: 走道 Corridor | F63: F1 | G63: W1 | H63: C1 | I63: 2800 | J63: S1
A64: 231 | B64: 2F | C64: 228 | D64: 楼梯间二（北） Staircase 2 (North) | E64: 27.9 | F64: F17环氧涂层地面 | G64: W1a/w1b | H64: C4 | I64: N/A | J64: S8
A65: 231 | B65: 2F | C65: 229 | D65: 储藏间1 Storage 1 | E65: 37.1 | F65: F5 | G65: W1 | H65: C4 | I65: N/A | J65: S6
A66: 231 | B66: 2F | C66: 230 | D66: 储藏间2 Storage 2 | E66: 18.2 | F66: F5 | G66: W1 | H66: C4 | I66: N/A | J66: S6
A67: 231 | B67: 2F | C67: 231 | D67: 走道 Corridor | E67: 248.6 | F67: F1 | G67: W1 | H67: C1 | I67: 2800 | J67: S1
A68: 231 | B68: 2F | C68: 236 | D68: UPS室 UPS Room | E68: 15.4 | F68: F1 | G68: W1 | H68: C4 | I68: N/A | J68: S6
A69: 231 | B69: 2F | C69: 237 | D69: 强电间 ELEC Room | E69: 23.7 | F69: F1 | G69: W1 | H69: C4 | I69: N/A | J69: S6
A70: 231 | B70: 2F | C70: 238 | D70: 预留 MEP间 Future MEP Room | E70: 15 | F70: F5 | G70: W1 | H70: C4 | I70: N/A | J70: S2
A71: 231 | B71: 2F | C71: 239 | D71: 弱电间 MDF&IDF Room | E71: 13.4 | F71: F1/F9 | G71: W1 | H71: C4 | I71: N/A | J71: S6
A72: 231 | B72: 2F | C72: 250 | D72: 排烟机房 1 Desmoke Room 1 | E72: 47.8 | F72: F1 | G72: W1 | H72: C4 | I72: N/A | J72: S1
A73: 231 | B73: 2F | C73: 251 | D73: 连廊 Link Bridge | E73: 109.6 | F73: F1 | G73: W1 | H73: C1/C2 | I73: 2800 | J73: S1
A74: 231 | B74: 2F | C74: 252 | D74: 排烟机房3 Desmoke Room 3 | E74: 25.1 | F74: F1 | G74: W1 | H74: C4 | I74: N/A | J74: S1
A75: 231 | B75: 2F | C75: 215 | D75: 2F-2#电梯 2F-2#Elevator | E75: 7.8 | F75: N/A | G75: N/A | H75: N/A | I75: N/A | J75: N/A
A76: 231 | B76: 2F | C76: 213 | D76: 2F-3#电梯 2F-3#Elevator | E76: 10.5 | F76: N/A | G76: N/A | H76: N/A | I76: N/A | J76: N/A
A77: 231 | B77: 2F 二层 | D77: 单层建筑面积 | E77: 2666.3
A78: 231 | B78: 3F | C78: 301 | D78: 楼梯间二（北） Staircase 2 (North) | E78: 27.9 | F78: F8a | G78: W1 | H78: C3 | I78: N/A | J78: S4
A79: 231 | B79: 3F | C79: 302 | D79: 走道 Corridor | E79: 39.2 | F79: F4 | G79: W1 | H79: C3乳胶漆天花板 | I79: N/A | J79: S1
A80: 232 | B80: 3F | C80: 303 | D80: 2F-2#电梯 2F-2#Elevator | E80: 7.8 | F80: N/A | G80: N/A | H80: N/A | I80: N/A | J80: N/A
A81: 233 | B81: 3F | C81: 305 | D81: 2F-3#电梯 2F-3#Elevator | E81: 10.5 | F81: N/A | G81: N/A | H81: N/A | I81: N/A | J81: N/A
A82: 234 | B82: 3F | C82: 306 | D82: 管道井 Pipe Shaft | E82: 5.2 | F82: N/A | G82: N/A | H82: N/A | I82: N/A | J82: N/A
A83: 231 | B83: 3F | C83: 307 | D83: 堆存区（C2级） Block Storage (Class C2) | E83: 852 | F83: F4 | G83: W1 | H83: C3 | I83: N/A | J83: S1
A84: 231 | B84: 3F | C84: 308 | D84: 楼梯间一（西北） Staircase 1 (North-West) | E84: 27.9 | F84: F8a | G84: W1 | H84: C3 | I84: N/A | J84: S4
A85: 231 | B85: 3F | C85: 310 | D85: 排烟机房 Desmoke Room | E85: 44.4 | F85: F4 | G85: W1 | H85: C3 | I85: N/A | J85: S1
A86: 231 | B86: 3F | C86: 311 | D86: 管道井 Pipe Shaft | E86: 7 | F86: N/A | G86: N/A | H86: N/A | I86: N/A | J86: N/A
A87: 231 | B87: 3F 三层 | D87: 单层建筑面积 | E87: 1146.7
A88: 231 | B88: ALL | D88: 总建筑面积 | E88: 9818.6
A193: 231
A194: 231
A195: 231
A196: 231
A197: 231
A198: 231
A199: 231
A200: 231
A253: 113
A254: 113
A255: 113
A256: 113
...

Sheet 232
H1: ='211'!H1 -> RDSZ Building Room Information
A2: ='211'!A2 -> BUILDIN NO. | B2: ='211'!B2 -> BUILDING FLOOR | C2: ='211'!C2 -> Room-number | D2: ='211'!D2 -> ROOM NAME | E2: ='211'!E2 -> NET AREA | F2: ='211'!F2 -> FLOOR | G2: ='211'!G2 -> WALL | H2: ='211'!H2 -> CEILING | ... O2: ='211'!O2 -> NOTE NO.
A3: ='211'!A3 -> 楼号 | B3: ='211'!B3 -> 楼层 | C3: ='211'!C3 -> 房间号 | D3: ='211'!D3 -> 房间名称 | E3: ='211'!E3 -> 净面积(M2) | F3: ='211'!F3 -> 地面做法 | G3: ='211'!G3 -> 墙面做法 | H3: ='211'!H3 -> 吊顶做法 | ... O3: ='211'!O3 -> 备注索引
A4: 231 | B4: BF | C4: N/A | D4: 水池 Pound | E4: N/A | F4: N/A | G4: N/A | H4: N/A | I4: N/A | J4: N/A
A5: 232 | B5: 1F | C5: 101 | D5: 楼梯间 Staircase | E5: 19.2 | F5: F17 | G5: W1a | H5: C4 | I5: N/A | J5: S1
A6: 232 | B6: 1F | C6: 102 | D6: 配电室 ELEC Room | E6: 142.3 | F6: F9 | G6: W1a | H6: C4 | I6: N/A | J6: S6
A7: 232 | B7: 1F | C7: 103 | D7: UPS室 UPS Room | E7: 12.9 | F7: F9 | G7: W1a | H7: C4 | I7: N/A | J7: S6
A8: 232 | B8: 1F | C8: 105 | D8: 楼梯间 Staircase | E8: 19.2 | F8: F17 | G8: W1a | H8: C4 | I8: N/A | J8: S1
A9: 232 | B9: 1F | C9: 106 | D9: 洗涤塔间 Scrubber | E9: 13 | F9: F10c | G9: W1b | H9: C8 | I9: N/A | J9: S1
A10: 232 | B10: 1F | C10: 107 | D10: 冷冻机房 Chiller Room | E10: 30.9 | F10: F10c | G10: W1b | H10: C3 | I10: 5000 | J10: N/A
A11: 232 | B11: 1F | C11: 108 | D11: 冷冻机房 Chiller Room | E11: 32.2 | F11: F10c | G11: W7 | H11: C3 | I11: 5000 | J11: N/A
A12: 232 | B12: 1F | C12: 109 | D12: 冷冻机房 Chiller Room | E12: 61.6 | F12: F10c | G12: W7 | H12: C3 | I12: 6400 | J12: N/A
A13: 232 | B13: 1F | C13: 110 | D13: 冷冻机房 Chiller Room | E13: 58.1 | F13: F10c | G13: W7 | H13: C3 | I13: 6400 | J13: N/A
A14: 232 | B14: 1F | C14: 111 | D14: 冷冻机房 Chiller Room | E14: 58.1 | F14: F10c | G14: W7 | H14: C3 | I14: 6400 | J14: N/A
A15: 232 | B15: 1F | C15: 112 | D15: 泵房 Pump Room | E15: 59.6 | F15: F10c | G15: W7 | H15: C8 | I15: N/A | J15: N/A
A16: 232 | B16: 1F | C16: 113 | D16: 走道 Corridor | E16: 99.5 | F16: F10c | G16: W7 | H16: C8 | I16: N/A | J16: S3
A17: 232 | B17: 1F | C17: 115 | D17: 前室 Lobby | E17: 16.7 | F17: F1 | G17: W1a | H17: C4 | I17: N/A | J17: S1
A18: 232 | B18: 1F | C18: 116 | D18: 设备间 Mechanical Room | E18: 272.2 | F18: F1 | G18: W1a | H18: C4 | I18: N/A | J18: S1
A19: 232 | B19: 1F | C19: 117 | D19: 电梯间Elevator | E19: 8.3 | F19: N/A | G19: N/A | H19: N/A | I19: N/A | J19: N/A
A20: 232 | B20: 1F | C20: 118 | D20: 前室 Lobby | E20: 29.8 | F20: F1 | G20: W1a | H20: C4 | I20: N/A | J20: N/A
A21: 232 | B21: 1F | C21: 119 | D21: 泵房 Pump Room | E21: 20.6 | F21: F10c | G21: W7 | H21: C8 | I21: N/A | J21: N/A
A22: 232 | B22: 1F | D22: 单层建筑面积 | E22: 1042.5
A23: 232 | B23: 2F | C23: 201 | D23: 楼梯间 Staircase | E23: 23.1 | F23: F17 | G23: W1a | H23: C4 | I23: N/A | J23: S1
A24: 232 | B24: 2F | C24: 202 | D24: 弱电间 MDF&IDF Room | E24: 21.6 | F24: F9 | G24: W1a | H24: C1 | I24: 3000 | J24: S6
A25: 232 | B25: 2F | C25: 203 | D25: 空调机房 HVAC Room | E25: 132.3 | F25: F1 | G25: W1a | H25: C4 | I25: N/A | J25: S1
A26: 232 | B26: 2F | C26: 203(A) | D26: 管道井 Shaft | E26: 4 | F26: F9 | G26: W1a | H26: C4 | I26: N/A | J26: S2
A27: 232 | B27: 2F | C27: 205 | D27: 机柜室 Cabinet Room | E27: 46.2 | F27: F9 | G27: W1a | H27: C4 | I27: N/A | J27: S2
A28: 232 | B28: 2F | C28: 206 | D28: 4#电梯 4#Elevator | E28: 8.3 | F28: N/A | G28: N/A | H28: N/A | I28: N/A | J28: N/A
A29: 232 | B29: 2F | C29: 207 | D29: 楼梯间 Staircase | E29: 23.1 | F29: F17 | G29: W1a | H29: C4 | I29: N/A | J29: S1
A30: 232 | B30: 2F | C30: 208 | D30: 走道 Corridor | E30: 99.8 | F30: F1 | G30: W1a | H30: C4 | I30: N/A | J30: S1
A31: 232 | B31: 2F | D31: 单层建筑面积 | E31: 454.6
A32: 232 | B32: 3F | C32: 301 | D32: 楼梯间 Staircase | E32: 18 | F32: F17 | G32: W1a | H32: C4 | I32: N/A | J32: S1
A33: 232 | B33: 3F | C33: 302 | D33: 前室 Lobby | E33: 11.4 | F33: F1 | G33: W1a | H33: C4 | I33: N/A | J33: S1
A34: 232 | B34: 3F | C34: 303 | D34: 空压机房 Air Compressor Room | E34: 149.9 | F34: F1 | G34: W1a | H34: C4 | I34: N/A | J34: S1
A35: 232 | B35: 3F | C35: 303(A) | D35: 管道井 Shaft | E35: 4 | F35: N/A | G35: N/A | H35: N/A | I35: N/A | J35: N/A
A36: 232 | B36: 3F | C36: 305 | D36: 4#电梯 4#Elevator | E36: 8.3 | F36: N/A | G36: N/A | H36: N/A | I36: N/A | J36: N/A
A37: 232 | B37: 3F | C37: 306 | D37: 楼梯间 Staircase | E37: 17.7 | F37: F17 | G37: W1a | H37: C4 | I37: N/A | J37: S1
A38: 232 | B38: 3F | C38: 307 | D38: 前室 Lobby | E38: 7.3 | F38: F1 | G38: W1a | H38: C4 | I38: N/A | J38: S1
A39: 232 | B39: 3F | D39: 单层建筑面积 | E39: 455.5
A40: 232 | B40: ALL | D40: 总建筑面积 | E40: 1952.6

Sheet 134
H1: ='211'!H1 -> RDSZ Building Room Information
A2: ='211'!A2 -> BUILDIN NO. | B2: ='211'!B2 -> BUILDING FLOOR | C2: ='211'!C2 -> Room-number | D2: ='211'!D2 -> ROOM NAME | E2: ='211'!E2 -> NET AREA | F2: ='211'!F2 -> FLOOR | G2: ='211'!G2 -> WALL | H2: ='211'!H2 -> CEILING | ... O2: ='211'!O2 -> NOTE NO.
A3: ='211'!A3 -> 楼号 | B3: ='211'!B3 -> 楼层 | C3: ='211'!C3 -> 房间号 | D3: ='211'!D3 -> 房间名称 | E3: ='211'!E3 -> 净面积(M2) | F3: ='211'!F3 -> 地面做法 | G3: ='211'!G3 -> 墙面做法 | H3: ='211'!H3 -> 吊顶做法 | ... O3: ='211'!O3 -> 备注索引
A4: 134 | B4: 1F | C4: 101 | D4: 楼梯间一（北） Staircase 1（North） | E4: 17.7
A5: 134 | B5: 1F | C5: 102 | D5: 弱电间 MAF & IDF Room | E5: 15.3
A6: 134 | B6: 1F | C6: 103 | D6: 走道 Corridor | E6: 98.7
A7: 134 | B7: 1F | C7: 105 | D7: 电梯间Elevator | E7: 11.9
A8: 134 | B8: 1F | C8: 106 | D8: 走道 Corridor | E8: 44.8
A9: 134 | B9: 1F | C9: 107 | D9: 办公室 Office | E9: 23.8
A10: 134 | B10: 1F | C10: 108 | D10: 会议室 Meeting RM | E10: 23.2
A11: 134 | B11: 1F | C11: 109 | D11: 会议室 Meeting RM | E11: 22.6
A12: 134 | B12: 1F | C12: 110 | D12: 茶水间 Pantry | E12: 23.8
A13: 134 | B13: 1F | C13: 111 | D13: 打印间兼洗涤室 Printing and Washing | E13: 23.8
A14: 134 | B14: 1F | C14: 112 | D14: 楼梯间二（南） Staircase 2（South） | E14: 15.1
A15: 134 | B15: 1F | C15: 113 | D15: 柴油机房 Diesel Room | E15: 85.5
... A18: 134 | B18: 1F | C18: 123 | D18: 电气控制室 Electrical Control Room | E18: 40.5
A19: 134 | B19: 1F | C19: 125-A | D19: 管道井1 Pipe Shaft 1 | E19: 3.5
A20: 134 | B20: 1F | C20: 126 | D20: 走道 Corridor | E20: 40.5
A21: 134 | B21: 1F | C21: 127 | D21: 女生产更衣间 Female Production Change | E21: 24.8
A22: 134 | B22: 1F | C22: 127-A | D22: 女更衣室 Female Locker Room | E22: 3
A23: 134 | B23: 1F | C23: 128 | D23: 男卫生间 Male Toilet | E23: 17
A24: 134 | B24: 1F | C24: 129 | D24: 女卫生间 Female Toilet | E24: 13
A25: 134 | B25: 1F | C25: 130 | D25: 男生产更衣间 Male Production Change | E25: 24.2
A26: 134 | B26: 1F | C26: 130-A | D26: 男更衣室 Male Locker Room | E26: 3
A27: 134 | B27: 1F | C27: 131 | D27: 会议室 Meeting RM | E27: 24.4
A28: 134 | B28: 1F | C28: 132 | D28: 20KV强电间2 20KV Switch Room2 | E28: 61.3
A29: 134 | B29: 1F | C29: 133 | D29: 20KV强电间1 20KV Switch Room1 | E29: 61.3
A30: 134 | B30: 1F | C30: 135 | D30: 10KV强电间 10KV Switch Room | E30: 97.8
A31: 232 | B31: 1F | D31: 单层建筑面积 | E31: 1088.6
A32: 134 | B32: 2F | C32: 201 | D32: 楼梯间一（北） Staircase 1（North） | E32: 17.7
A33: 134 | B33: 2F | C33: 202 | D33: 电梯Elevator | E33: 11.9
B34: 2F | C34: 203 | D34: 工具间 Tool Room | E34: 74.3
A35: 134 | B35: 2F | C35: 205 | D35: 工作间Workshop | E35: 86
A36: 134 | B36: 2F | C36: 206 | D36: 空调机房 HVAC Room | E36: 58.1
A37: 134 | B37: 2F | C37: 207 | D37: 热水房 Hot Water Room | E37: 53.9
A38: 134 | B38: 2F | C38: 207-A | D38: 排烟风机室 Smoke Fan Room | E38: 18.8
A39: 134 | B39: 2F | C39: 208 | D39: 楼梯间二（南） Staircase 2（South） | E39: 15.1
A40: 134 | B40: 2F | C40: 209 | D40: 存储间 Storage Room | E40: 73
A41: 134 | B41: 2F | C41: 211 | D41: 备件室 Spare Parts Room | E41: 142.8
A42: 134 | B42: 2F | C42: 212 | D42: 技术团队工作间TS Workshop | E42: 173.6
A43: 134 | B43: 2F | C43: 212-A | D43: 管道井 Pipe Shaft | E43: 3.7
A44: 134 | B44: 2F | C44: 212-B | D44: 管道井Pipe Shaft | E44: 3.7
A45: 134 | B45: 2F | C45: 212-C | D45: 管道井 Pipe Shaft | E45: 3.7
A46: 134 | B46: 2F | C46: 213 | D46: 数据中心 Data Centre | E46: 54.3
A47: 134 | B47: 2F | C47: 215 | D47: 空调机房 HVAC Room | E47: 25
A48: 134 | B48: 2F | C48: 216 | D48: 风机室 Plant Room | E48: 8.4
A49: 134 | B49: 2F | C49: 217 | D49: 灭火间 IG541 Room | E49: 13.8
A50: 134 | B50: 2F | C50: 218 | D50: 备用电源间 UPS Room | E50: 14
A51: 134 | B51: 2F | C51: 219 | D51: IT操控间 IT Operation Room | E51: 15.6
A52: 134 | B52: 2F | D52: 单层建筑面积 | E52: 1116.2
A53: 134 | B53: ALL | D53: 总建筑面积 | E53: 2204.8
D54: 后勤办公面积 | E54: 321.6

Sheet 132
H1: ='211'!H1 -> RDSZ Building Room Information
A2: ='211'!A2 -> BUILDIN NO. | B2: ='211'!B2 -> BUILDING FLOOR | C2: ='211'!C2 -> Room-number | D2: ='211'!D2 -> ROOM NAME | E2: ='211'!E2 -> NET AREA | F2: ='211'!F2 -> FLOOR | G2: ='211'!G2 -> WALL | H2: ='211'!H2 -> CEILING | ... O2: ='211'!O2 -> NOTE NO.
A3: ='211'!A3 -> 楼号 | B3: ='211'!B3 -> 楼层 | C3: ='211'!C3 -> 房间号 | D3: ='211'!D3 -> 房间名称 | E3: ='211'!E3 -> 净面积(M2) | F3: ='211'!F3 -> 地面做法 | G3: ='211'!G3 -> 墙面做法 | H3: ='211'!H3 -> 吊顶做法 | ... O3: ='211'!O3 -> 备注索引
A4: 132 | B4: 1F | C4: 101 | D4: 空调机房 HVAC Room | E4: 20.2
A5: 132 | B5: 1F | C5: 102 | D5: A级储存间 1 Class A(1,2,5,6 item)storage1 | E5: 34.8
A6: 132 | B6: 1F | C6: 103 | D6: A级储存间 2 Class A(1,2,5,6 item)storage2 | E6: 34.8
A7: 132 | B7: 1F | C7: 104 | D7: 甲类毒剂仓库 Class A(1,2,5,6 item)toxic agent storage | E7: 11.2
A8: 132 | B8: 1F | C8: 105 | D8: 前室 Locker | E8: 9.1
A9: 132 | B9: ALL | D9: 总建筑面积 | E9: 128.8

Sheet 111
H1: ='211'!H1 -> RDSZ Building Room Information
A2: ='211'!A2 -> BUILDIN NO. | B2: ='211'!B2 -> BUILDING FLOOR | C2: ='211'!C2 -> Room-number | D2: ='211'!D2 -> ROOM NAME | E2: ='211'!E2 -> NET AREA | F2: ='211'!F2 -> FLOOR | G2: ='211'!G2 -> WALL | H2: ='211'!H2 -> CEILING | ... O2: ='211'!O2 -> NOTE NO.
A3: ='211'!A3 -> 楼号 | B3: ='211'!B3 -> 楼层 | C3: ='211'!C3 -> 房间号 | D3: ='211'!D3 -> 房间名称 | E3: ='211'!E3 -> 净面积(M2) | F3: ='211'!F3 -> 地面做法 | G3: ='211'!G3 -> 墙面做法 | H3: ='211'!H3 -> 吊顶做法 | ... O3: ='211'!O3 -> 备注索引
A4: 111 | B4: 1F | C4: 101 | D4: 咖啡休息室 Cafe Waiting Area | E4: 35.2
A5: 111 | B5: 1F | C5: 102 | D5: 自行车库1 Bicycle Storage 1 | E5: 41.1
A6: 111 | B6: 1F | C6: 103 | D6: 走道 Corridor | E6: 15.7
A7: 111 | B7: 1F | C7: 105 | D7: 机房 Mech. | E7: 14.7
A8: 111 | B8: 1F | C8: 106 | D8: 分析室 Analysis | E8: 13.7
A9: 111 | B9: 1F | C9: 107 | D9: 卫生间 Toilet | E9: 4.4
A10: 111 | B10: 1F | C10: 108 | D10: 保安室 Guard | E10: 12.1
A11: 111 | B11: 1F | C11: 110 | D11: 开闭所 Sub-Section Post | E11: 84
A12: 111 | B12: 1F | C12: 111 | D12: 自行车库2 Bicycle Storage 2 | E12: 256.4
A13: 111 | B13: ALL | D13: 总建筑面积 | E13: 643.8

Sheet 234
H1: ='211'!H1 -> RDSZ Building Room Information
A2: ='211'!A2 -> BUILDIN NO. | B2: ='211'!B2 -> BUILDING FLOOR | C2: ='211'!C2 -> Room-number | D2: ='211'!D2 -> ROOM NAME | E2: ='211'!E2 -> NET AREA | F2: ='211'!F2 -> FLOOR | G2: ='211'!G2 -> WALL | H2: ='211'!H2 -> CEILING | ... O2: ='211'!O2 -> NOTE NO.
A3: ='211'!A3 -> 楼号 | B3: ='211'!B3 -> 楼层 | C3: ='211'!C3 -> 房间号 | D3: ='211'!D3 -> 房间名称 | E3: ='211'!E3 -> 净面积(M2) | F3: ='211'!F3 -> 地面做法 | G3: ='211'!G3 -> 墙面做法 | H3: ='211'!H3 -> 吊顶做法 | ... O3: ='211'!O3 -> 备注索引
A4: 234 | B4: 1F | C4: 101 | D4: 卫生间 Toilet | E4: 4.3
A5: 234 | B5: 1F | C5: 102 | D5: 休息室 Bedroom | E5: 6
A6: 234 | B6: 1F | C6: 103 | D6: 接待区 Good Reception | E6: 13.4
A7: 234 | B7: ALL | D7: 总建筑面积 | E7: 41.5

Sheet 131
H1: ='211'!H1 -> RDSZ Building Room Information
A2: ='211'!A2 -> BUILDIN NO. | B2: ='211'!B2 -> BUILDING FLOOR | C2: ='211'!C2 -> Room-number | D2: ='211'!D2 -> ROOM NAME | E2: ='211'!E2 -> NET AREA | F2: ='211'!F2 -> FLOOR | G2: ='211'!G2 -> WALL | H2: ='211'!H2 -> CEILING | ... O2: ='211'!O2 -> NOTE NO.
A3: ='211'!A3 -> 楼号 | B3: ='211'!B3 -> 楼层 | C3: ='211'!C3 -> 房间号 | D3: ='211'!D3 -> 房间名称 | E3: ='211'!E3 -> 净面积(M2) | F3: ='211'!F3 -> 地面做法 | G3: ='211'!G3 -> 墙面做法 | H3: ='211'!H3 -> 吊顶做法 | ... O3: ='211'!O3 -> 备注索引
A4: 131 | B4: 1F | C4: 101 | D4: 走廊Corridor | E4: 254.4
A5: 131 | B5: 1F | C5: 100 | D5: 收发货间Shipping&Receiving1 | E5: 168.7
A6: 131 | B6: 1F | C6: 102 | D6: 暂存间Staging | E6: 760.5
A7: 131 | B7: 1F | C7: 103 | D7: 废料间Waste | E7: 59.6
A8: 131 | B8: 1F | C8: 104 | D8: 包装车间Pakaging | E8: 1604.8
A9: 131 | B9: 1F | C9: 105 | D9: 更衣室Locker | E9: 31.4
A10: 131 | B10: 1F | C10: 107 | D10: 收发货间2Shipping&Receiving2 | E10: 72.2
A11: 131 | B11: 1F | C11: 108 | D11: 更衣室（男）Gowning(Male) | E11: 22.9
A12: 131 | B12: 1F | C12: 109 | D12: 更衣室（女）Gowning(Female) | E12: 18.4
A13: 131 | B13: 1F | C13: 110 | D13: 人流缓冲间PAL | E13: 5.5
A14: 131 | B14: 1F | C14: 111 | D14: 物流缓冲间MAL2 | E14: 18
A15: 131 | B15: 1F | C15: 112 | D15: 物流缓冲间MAL | E15: 12.2
... A20: 131 | B20: 1F | C20: 117 | D20: 中测间IPC | E20: 7.2
A21: 131 | B21: 1F | C21: 117A | D21: 洁具间2Janitor 2 | E21: 4.5
A22: 131 | B22: 1F | C22: 118 | D22: 清洗间Cleaning | E22: 36.9
A23: 131 | B23: 1F | C23: 119 | D23: 配料间3Charging 3 | E23: 42.3
A24: 131 | B24: 1F | C24: 120 | D24: 洁净走廊Clean Corridor | E24: 167.4
A25: 131 | B25: 1F | C25: 121 | D25: 灌装间1Filling 1 | E25: 96.7
A26: 131 | B26: 1F | C26: 122 | D26: 灌装间2Filling 2 | E26: 107.4
A27: 131 | B27: 1F | C27: 123 | D27: 容器间1Vessel Room 1 | E27: 30.8
A28: 131 | B28: 1F | C28: 124 | D28: 容器间2Vessel Room 2 | E28: 66.9
A29: 131 | B29: 1F | C29: 125 | D29: 预留区走廊Corridor | E29: 36.7
A30: 131 | B30: 1F | C30: 126 | D30: 电气间MCC | E30: 20.1
A31: 131 | B31: 1F | C31: 127 | D31: 纯水间Purified Water | E31: 103.9
A32: 131 | B32: 1F | C32: 128 | D32: 废水处理室Waste Water | E32: 118.6
A33: 131 | B33: 1F | C33: 129 | D33: 容器间3Vessel Room 3 | E33: 47.8
... A37: 131 | B37: 1F | C37: 134 | D37: 氮气储存间N2 Store Room | E37: 2.3
A38: 131 | B38: 1F | C38: S101 | D38: 楼梯间1（北）Stair 1 (North) | E38: 35.3
A39: 131 | B39: 1F | C39: S102 | D39: 楼梯间2（南）Stair 2 (South) | E39: 39.8
A40: 131 | B40: 1F | C40: S103 | D40: 楼梯间3（东南） Stair 3 (Southeast) | E40: 27.7
A41: 131 | B41: 2F | C41: S104 | D41: 楼梯间4（东）Stair 4 (East) | E41: 25.8
A42: 131 | B42: 1F | C42: 一层 | D42: 单层建筑面积 | E42: =SUM(E4:E41) -> 4320.5
A43: 131 | B43: 2F | C43: S201 | D43: 楼梯间1（北）Stair 1 (North) | E43: 35.3
A44: 131 | B44: 2F | C44: 201 | D44: 走廊Corridor | E44: 52.5
A45: 131 | B45: 2F | C45: 202 | D45: 车间Workshops | E45: 344.3
A46: 131 | B46: 2F | C46: 203 | D46: 存储间Store | E46: 9.6
A47: 131 | B47: 2F | C47: 204 | D47: 电气室 Electrical | E47: 12.4
A48: 131 | B48: 2F | C48: 205 | D48: 技术间1Tech RM 1 | E48: 39.6
A49: 131 | B49: 2F | C49: 206 | D49: 打印室Print | E49: 23.1
A50: 131 | B50: 2F | C50: 207 | D50: 通风井1Shaft 1 | E50: 10.2
A51: 131 | B51: 2F | C51: 209 | D51: 技术间（钢平台）1TECH 1 | E51: 51.9
A52: 131 | B52: 2F | C52: 210 | D52: 技术间（钢平台）2TECH 2 | E52: 51.4
A53: 131 | B53: 2F | C53: 214 | D53: 技术间（钢平台）3TECH 3 | E53: 30.6
A54: 131 | B54: 2F | C54: 211 | D54: 通风井2Shaft 2 | E54: 8.1
A55: 131 | B55: 2F | C55: 212 | D55: 通风井3Shaft 3 | E55: 8.1
... A59: 131 | B59: 2F | C59: 223 | D59: 包装车间Pakaging 2 | E59: 3583.4
A60: 131 | B60: 2F | C60: S202 | D60: 楼梯间2（南）Stair 2 (South) | E60: 25.3
A61: 131 | B61: 2F | C61: S203 | D61: 楼梯间3（东南）Stair 3 (Southeast) | E61: 37.6
A62: 131 | B62: 2F | C62: S204 | D62: 楼梯间4（东）Stair 4 (East) | E62: 23.4
A63: 131 | B63: 2F | C63: 二层 | D63: 单层建筑面积 | E63: =SUM(E43:E62) -> 4435.36
B64: 3F | C64: S301 | D64: 楼梯间一（北）Stair 1 (North)
B65: 3F | C65: 301 | D65: 低压室LV Swithc
B66: 3F | C66: 302 | D66: 排烟机房Smoeke RM
B67: 3F | C67: 303 | D67: 主配线架间1MDF&IDF 1
B68: 3F | C68: 304 | D68: 热水制备间Hot Water RM
B69: 3F | C69: 305 | D69: 空调机房Air-Conditioner Room
B70: 3F | C70: 306 | D70: 主配线架间2 MDF&IDF 2
B71: 3F | C71: S302 | D71: 楼梯间2（南）Stair 2 (South)
B72: 3F | D72: 通风井4 Shaft 4

Sheet panda
H1: ='211'!H1 -> RDSZ Building Room Information
A2: ='211'!A2 -> BUILDIN NO. | B2: ='211'!B2 -> BUILDING FLOOR | C2: ='211'!C2 -> Room-number | D2: ='211'!D2 -> ROOM NAME | E2: ='211'!E2 -> NET AREA | F2: ='211'!F2 -> FLOOR | G2: ='211'!G2 -> WALL | H2: ='211'!H2 -> CEILING | ... O2: ='211'!O2 -> NOTE NO.
A3: ='211'!A3 -> 楼号 | B3: ='211'!B3 -> 楼层 | C3: ='211'!C3 -> 房间号 | D3: ='211'!D3 -> 房间名称 | E3: ='211'!E3 -> 净面积(M2) | F3: ='211'!F3 -> 地面做法 | G3: ='211'!G3 -> 墙面做法 | H3: ='211'!H3 -> 吊顶做法 | ... O3: ='211'!O3 -> 备注索引
A4: IOA | B4: 1 | C4: 102 | D4: 丙类包装车间（中间站） Class C packaging workshop（transition station） | E4: 613
A5: IOA | B5: 1 | C5: 103 | D5: 组装生产车间（丙二类） Assembly Workshop | E5: 555.7
A6: IOA | B6: 1 | C6: 101 | D6: 中转缓冲区（属于丙类包装车间（中间站））
A7: IOA | B7: 1 | C7: 105 | D7: 走廊 Corridor
A8: IOA | B8: 1 | C8: 106 | D8: 女卫 Toilet
A9: IOA | B9: 1 | C9: 107 | D9: 男卫 Toilet
A10: IOA | B10: 1 | C10: 108 | D10: IT间/监控室 IT Room/Monitoring Room
A11: IOA | B11: 1 | C11: 109 | D11: 会议室 Conference Room
A12: IOA | B12: 1 | C12: 111 | D12: 车间办公室 Office
A13: IOA | B13: 1 | C13: 112 | D13: 门厅 Lobby
A14: IOA | B14: 1 | C14: 113 | D14: 管井 Shaft
A15: IOA | B15: 2 | C15: 03-S02 | D15: 楼梯2 Stair2 | E15: 24.64
C16: 03-S01 | D16: 楼梯1 Stair1 | E16: 16.32
C17: 03-2001 | D17: 办公区 Office | E17: 132.66
C18: 03-2002 | D18: 会议室 Meeting RM1 | E18: 13.76
C19: 03-2003 | D19: 会议准备间 TEL.RM | E19: 6.8
C20: 03-2004 | D20: 会议室2 Meeting RM2 | E20: 32.45
C21: 03-2005 | D21: 茶水间 Rest Room | E21: 22.5
C22: 03-2006 | D22: 文档室 Archive Room | E22: 18.37
C23: 03-2007 | D23: 电话间 TEL.RM 1 | E23: 3.37
C24: 03-2008 | D24: 走道 Corridor | E24: 27.1
C25: 03-2009 | D25: 更衣间 Locker RM | E25: 5.5
C26: 03-2010 | D26: 灭菌间 Sterilization RM | E26: 15.6
C27: 03-2011 | D27: 物料缓冲间 MAL.Buffer | E27: 7.53
... C45: 03-2029 | D45: 准备间 PRE RM | E45: 15.03

Sheet Notes
K1: NOTES
A2: W1a-丙烯酸乳胶漆涂料墙面(实体墙)
A3: W1b丙烯酸乳胶漆涂料墙面(轻质隔墙)
A4: W2瓷砖墙面
A5: W3b无框玻璃隔断
A7: F1a防滑陶瓷地砖 (有防水层）
A8: F2b硬化剂地坪
A9: F3乙烯基地面
A10: F10环氧涂层地面
A11: F11a耐化学品、耐压、耐磨环氧自流平地面
A14: C1轻钢龙骨吸音板吊顶
A15: C2b防水石膏板吊顶
A16: C2c 防火石膏板吊顶
... A23: S5乙烯基踢脚,2.5毫米厚
